duns_number,uq_duns,count
3013703000,3013703000,1
1000526900,1000526900,1
3013147895,3013147895,1
1000121624,1000121624,6
1000132299,1000132299,2
3006349554,3006349554,1
3005117563,3005117563,3
2912388,2912388,1
3006317477,3006317477,1
3013321339,3013321339,1
1950046,1950046,3
1037559,1037559,1
3007309337,3007309337,1
3009771624,3009771624,1
3012069146,3012069146,2
3012069146,1513988,1
1513988,3003813327,2
3003813327,3017153258,1
3017153258,1032500,1
1032500,3004433842,1
3004433842,3018755991,1
3018755991,3003821988,4
3003821988,3029236854,1
3029236854,2013736,1
2013736,3008226137,1
3008226137,1450054,1
1450054,3010314796,1
3010314796,2083373,1
2083373,3003999190,2
3003999190,3022306074,1
3022306074,3004007943,3
3004007943,3017125065,2
3017125065,3012853845,1
3012853845,3003350069,2
3003350069,3003059934,3
3003350069,3016555297,1
3003059934,1000448124,1
3016555297,3014581785,1
1000448124,3027267279,1
3014581785,3013538760,1
3027267279,3014253278,1
3013538760,3028192440,1
3014253278,3002806460,1
3028192440,3002807958,2
3002806460,2211383,2
3002807958,3022380309,1
2211383,3013719300,1
3022380309,3009868709,1
3013719300,3010409377,1
3009868709,3007175559,1
3010409377,3011751788,1
3007175559,3013433273,1
3011751788,3003929069,1
3013433273,3010364830,1
3003929069,3014244255,1
3010364830,3024522473,1
3014244255,3007058211,1
3024522473,3006851654,2
3007058211,3004319366,1
3006851654,3016774658,1
3004319366,3022553689,1
3016774658,3026767012,1
3022553689,3027036172,1
3026767012,3017219182,1
3027036172,2020372,4
3017219182,3004286823,1
2020372,3002914735,1
2020372,3000913784,1
3004286823,3003906462,1
3002914735,3014957357,3
3000913784,3003696942,2
3003906462,3015509166,1
3014957357,3011061274,1
3003696942,3003878590,2
3015509166,3011640199,1
3011061274,3001769828,2
3003878590,3011346498,1
3011640199,3025039932,1
3001769828,1319086,1
3011346498,3004293613,2
3025039932,3011152407,4
1319086,3012796281,1
3004293613,3006403166,1
3011152407,3009350497,1
3012796281,3018589922,1
3006403166,1927341,1
3009350497,3003245034,1
3018589922,3007490529,1
1927341,3016841297,1
3003245034,1920349,1
3007490529,1417123,1
3016841297,3001236208,2
1920349,3011845012,1
1417123,1000337046,1
3001236208,3004094142,1
3011845012,3014438694,1
1000337046,3002806978,1
3004094142,3002994577,4
3014438694,3011873350,2
3002806978,3004723334,6
3002994577,3016787260,1
3011873350,3003092372,2
3004723334,1920360,1
3016787260,3004947391,1
3003092372,3015265204,1
1920360,3004790309,1
3004947391,3009569638,1
3015265204,1416980,1
3004790309,3009963974,2
3009569638,3003426240,1
1416980,3000205837,1
3009963974,1210580,2
3003426240,1629960,1
3000205837,3012809762,1
1210580,3011137754,1
1629960,3011568807,1
3012809762,3009953335,3
3011137754,3017408112,1
3011568807,3016837288,1
3009953335,3006442186,1
3017408112,3007090726,3
3016837288,1220423,1
3006442186,3013856804,4
3007090726,3006210769,3
1220423,3007389902,1
3013856804,3010164603,2
3006210769,3001623073,3
3007389902,3005211905,1
3010164603,3002992961,1
3001623073,1000121391,1
3001623073,3013927966,1
3005211905,3005048741,2
3002992961,3004420738,1
1000121391,1314737,1
3013927966,3015892095,1
3005048741,1218077,1
3004420738,3004471600,2
1314737,3005057567,1
3015892095,3004000736,1
1218077,3003721861,1
3004471600,3003994440,1
3005057567,3008460374,1
3004000736,3004667050,1
3003721861,3013514280,1
3003994440,3019167311,1
3008460374,3012305678,1
3004667050,3002998723,2
3013514280,3011800162,3
3019167311,3017441754,1
3012305678,3030358101,1
3002998723,3008209195,1
3011800162,3009883410,1
3017441754,3002657228,1
3030358101,3009705561,3
3008209195,3019769008,1
3009883410,3004397149,2
3002657228,3017442763,1
3009705561,3013712903,1
3019769008,3030396555,1
3004397149,3007001714,1
3017442763,3010165406,1
3013712903,3002463752,2
3030396555,3019638306,1
3007001714,3014739297,1
3010165406,2516287,1
3002463752,3016665985,2
3019638306,3004153045,1
3014739297,3004396086,1
2516287,3014773352,1
3016665985,3005587188,3
3016665985,3007255059,1
3004153045,3006283468,1
3004396086,3001802820,1
3014773352,3008420443,4
3005587188,3005350897,12
3007255059,3015365441,2
3006283468,3002088200,1
3004397149,3010999645,1
3001802820,3014137184,1
3008420443,3018748915,1
3005350897,3023533273,2
3015365441,3021091668,1
3002088200,3002808145,2
3010999645,3000215345,1
3014137184,1000122754,1
3018748915,3015097434,1
3023533273,3007687501,1
1950046,3029994548,1
3021091668,3005285276,1
3002808145,2246566,1
3000215345,3010892830,2
1000122754,3007320756,1
3015097434,1025114,6
3007687501,3006676534,1
3029994548,3008461619,1
3005285276,3008235829,1
2246566,3010203410,1
3010892830,3015282935,1
3007320756,3017888878,2
1025114,3021131560,1
3006676534,3005274476,1
3008461619,3014129013,1
3008235829,3017366969,1
3010203410,3007373503,1
3015282935,3010551060,1
3017888878,1928615,1
3021131560,3015521757,1
3005274476,1610434,1
3004471600,3017151342,1
3014129013,3009509949,1
3017366969,1120890,1
3007373503,2023614,5
3010551060,3001744192,3
1928615,3000241849,1
3015521757,3005698871,1
1610434,3004043340,1
3017151342,3010222586,3
3009509949,3006010954,1
1120890,3008384335,1
2023614,3012821715,1
3001744192,3005945400,2
3000241849,3011368010,3
3005698871,3012281081,1
3004043340,3002718545,1
3010222586,1000125370,1
3006010954,3015305066,1
3008384335,3025978151,1
3012821715,3019956301,1
3005945400,3011006339,4
3011368010,3024655174,1
3012281081,3008701241,1
2020372,3025796006,1
2020372,3026057413,1
3002718545,3016998650,1
1000125370,3012668529,1
3015305066,3003320065,1
3025978151,1920543,1
3019956301,3014630458,1
3011006339,3011851548,1
3024655174,3010164449,2
3008701241,3014759234,1
3025796006,3005668178,1
3026057413,3010970108,1
3016998650,3006684386,1
3012668529,3005835723,1
3003320065,3007709579,2
1920543,3010683345,1
3014630458,3013736415,1
3011851548,3011853060,1
3010164449,3005787511,1
3010164449,3018061317,1
3014759234,3016668136,1
3005668178,3007187282,2
1025114,3013374118,3
3010970108,3004901508,1
3006684386,3015425659,1
3005835723,3006210232,3
3017125065,3001746542,2
3007709579,3004654754,1
3010683345,3004107906,2
3013736415,3005727243,1
3011853060,3005698544,1
3005787511,3002692859,1
3018061317,3002984417,1
3016668136,1000208853,3
3007187282,1610391,1
3013374118,3012275336,3
3004901508,3002556034,1
3015425659,2510734,3
3006210232,3005574978,1
3001746542,3005753252,1
3004654754,3002992930,2
3004107906,3004464535,2
3005727243,3013239405,1
3002994577,3003068822,3
3005698544,3015826784,2
3002692859,3011139911,1
3002984417,3003723117,1
1000208853,3012139887,1
1610391,1000025822,3
3012275336,3027391357,2
3002556034,3016418266,1
2510734,3013501887,1
3005574978,1000036852,1
3005753252,3017399141,1
3002992930,3025983703,1
3004464535,1618160,1
3013239405,3003067499,1
3009953335,3017199840,1
3003068822,1000122232,3
3015826784,3027503130,3
3011139911,3006531950,4
3003723117,3003229412,4
3012139887,3003053677,3
1000025822,3019843904,1
3027391357,1000069719,4
3027391357,2310620,2
3016418266,3005979923,1
3013501887,3009127711,1
1000036852,3006057298,1
3017399141,3005334016,1
3025983703,3010704905,2
1618160,3011320041,1
3003067499,3011513461,1
3017199840,3004453700,2
1000122232,1000305509,1
3027503130,3010840309,2
3006531950,3025422586,1
3003229412,3009713694,2
3003053677,3018752619,1
3019843904,3027394593,1
1000069719,3027349282,1
2310620,3005508230,1
2310620,3012073956,1
3003059934,1480885,2
3005979923,3009946959,3
3009127711,1000071237,2
3003092372,3025922936,1
3006057298,3005280525,2
3005334016,3005269310,1
3010704905,3025995723,1
3011320041,3003974891,1
3011513461,3008847088,1
3004453700,3016420687,1
1000305509,1910648,6
3010840309,3014469173,4
3025422586,3000204701,1
3009713694,2126821,2
3018752619,3011316404,1
3027394593,3007267856,1
3027349282,3013171766,2
3005508230,3026147808,1
3012073956,3012553246,1
1480885,3008298016,1
3009946959,3005871025,3
1000071237,2011035,2
3002463752,3013927023,3
3025922936,1000110034,1
3005280525,3003747592,2
3005269310,3009590582,3
3025995723,3007295883,1
3003974891,3018035065,1
3008847088,2246824,3
3016420687,3022210898,1
1910648,3003469576,1
1910648,3008712484,1
3014469173,1218914,4
3014469173,1450763,1
3000204701,3003921470,1
2126821,3008932049,2
3011316404,3005897621,1
3007267856,3009814715,1
3013171766,2242327,2
3026147808,3012323885,1
3012553246,3005124189,3
3008298016,1031041,1
3005871025,3017371366,1
2011035,3008611487,1
3013927023,1922337,1
1000110034,3008581988,1
3003747592,3002443240,1
3009590582,2026940,3
3007295883,1626310,4
3018035065,3004876794,2
2246824,3014015976,2
3022210898,3014109782,1
3003469576,3008861619,1
3008712484,3013239969,3
1218914,1250013,2
1218914,3007253462,1
1450763,3012013973,1
3003921470,2431841,1
3008932049,3002616986,1
1950046,1915076,1
3005897621,3015928879,1
3009814715,3004610460,3
2242327,3010165392,1
3012323885,3024611819,1
1000025822,3004731564,3
3005124189,3010744574,1
1031041,3007450508,2
3008420443,3012234853,1
3017371366,3015283219,2
3008611487,3004758248,1
1922337,3007751703,9
3008581988,3023259471,2
3002443240,3005702355,1
3011800162,1417519,2
2026940,3023815166,1
1626310,3011627411,2
3004876794,3023890987,1
1210580,1921601,1
3014015976,3023878838,1
3014109782,2025064,1
3008861619,3003094018,1
3013239969,3004011473,1
1250013,3004858203,1
3007253462,3007618410,2
3012013973,3002807511,3
2431841,3019411371,1
3002616986,3003973520,1
1915076,2246857,1
3015928879,3004086192,2
3004610460,3005841768,1
3010165392,3003767891,1
3007090726,2517008,1
3024611819,3006658780,1
3004731564,3015269827,1
3004731564,3004845420,4
3004731564,3016775373,1
3010744574,3009331372,1
3007450508,3002960047,1
3012234853,3002686308,1
3015283219,3003569803,1
3004758248,3007562389,1
2211383,3006900385,2
3007751703,3002806922,2
3023259471,3007317099,2
3023259471,1000171152,1
3005945400,3003659249,1
3013856804,3010241801,3
3005702355,3023464259,1
1417519,3008941209,1
3023815166,3000204955,3
3011627411,1920841,1
3023890987,3007652252,2
1921601,3017871874,2
3023878838,3011196914,1
2025064,3022938366,1
3011006339,3012285699,1
3003094018,3005029956,1
3004011473,2435254,3
3002998723,3015145884,1
3004858203,2627511,6
3007618410,3011967886,2
3002807511,1000135880,3
3019411371,3004943112,1
3003973520,3001697625,1
2246857,3003598505,2
3004086192,3020491814,1
3005841768,3023493558,1
3003767891,3010166780,1
2517008,3009768800,1
3006658780,3003096558,1
3015269827,3014278936,1
3004845420,3011761882,1
3016775373,3001238690,1
3009331372,1818911,1
3002960047,1950348,8
3002686308,1036352,1
3003569803,3005320466,3
3007562389,3008927553,1
3006900385,3011545418,1
3002806922,3001184984,2
3007317099,3003908435,1
1000171152,3004081307,3
3010222586,3016076203,1
3003659249,3001432470,4
3010241801,3015237167,1
3023464259,3002807979,2
3008941209,3011572099,1
3023533273,3019300800,1
3000204955,3015826782,1
1920841,3014117482,1
3007652252,3011887629,3
3017871874,3003982153,1
3017871874,3003348498,2
3011196914,1940465,4
3022938366,3006895982,3
3012285699,3003945152,1
3005029956,3015168914,1
2435254,3002750286,1
3015145884,3011622931,1
2627511,1413475,3
3011967886,3007616930,1
1000135880,3011069063,1
3004943112,3005519645,2
3001697625,1035794,2
3003598505,3017303868,1
3020491814,3015320016,1
3023493558,1215362,1
3010166780,3022205731,1
3009768800,3004497364,2
3003096558,1450022,2
3014278936,3010589333,3
3011761882,3009872426,1
3001238690,3002892007,1
1818911,1310093,2
1950348,3005757050,1
1950348,3022075106,1
1036352,3014982757,2
3005320466,1833240,2
3008927553,3004450713,1
3011545418,3021955067,1
3001184984,3021693832,1
3003908435,3003079019,1
3004081307,3004555163,2
3004007943,1480772,2
3016076203,3017060030,1
3001432470,3003838850,1
3015237167,3004672766,1
3002807979,3011585599,1
3011572099,2246848,2
3019300800,3020256087,1
3015826782,1912225,1
3014117482,3009729473,1
3011873350,3002809586,4
3014957357,3012369470,1
3014957357,2650091,1
3011887629,3010738198,1
3003982153,3010371376,1
3003348498,3021539793,1
1000121624,3010680515,5
3001236208,3004380893,1
1940465,3003912437,1
3006895982,3002869527,2
3003945152,3011158388,6
3011152407,3015595236,1
3015168914,3016927597,1
3002750286,3017227582,1
3011622931,3002807424,4
1413475,3006191612,1
3007616930,3011856764,1
3011069063,3012048333,3
3005519645,3009095898,1
3010164603,3006441852,1
1035794,3002807512,2
3017303868,3005202232,2
3015320016,3017183921,1
1215362,3016750083,1
3022205731,1000086700,1
3005117563,3001587133,1
3004497364,3008275696,3
1450022,3010052264,1
3010589333,3004966182,2
3009872426,3015252551,2
3002892007,3015158417,1
1310093,1931182,1
3005757050,3012303419,1
3006210769,3006435842,3
3022075106,3015859129,2
2510734,3014229024,1
3014982757,2012546,1
3003878590,3003535240,1
1833240,3011402904,2
3007187282,3000215611,3
3004450713,3010972581,3
3021955067,3013559620,2
3021693832,3015500516,1
3003079019,1913396,1
3004555163,1000512361,1
1480772,3011408975,1
3017060030,3004286071,2
3003838850,1000119582,3
3004672766,3014623896,1
3011585599,1000418405,1
2246848,3001239108,1
2246848,3014386146,1
3020256087,3001576820,2
1025114,3013263547,1
1912225,3005000375,1
3009729473,3012465222,2
3002809586,3018035114,1
3012369470,3020918925,1
2650091,3013947845,1
3010738198,3020460374,1
3010371376,3014068680,1
3021539793,3002664348,1
3003059934,1000125638,1
3004453700,3005796917,1
3010680515,3010138966,1
3010680515,1619076,2
3004380893,3010490167,4
3003229412,3008769612,2
3003912437,1317759,1
3002869527,1000113240,1
3011158388,1000174332,3
3015595236,2083633,1
3010892830,3016866993,1
3016927597,1618285,1
3017227582,3014171113,3
3002807424,3012484129,1
3006191612,1000221509,1
3011856764,3019794456,1
3012048333,3009095423,1
3012048333,3002523846,1
3009095898,3009840089,1
3006441852,3000203462,1
3002807512,3009174563,1
3003821988,3007517881,2
3005202232,3017716431,1
3005202232,3013479261,1
3017183921,3013705271,3
3016750083,3018116910,3
1000086700,1000028052,7
3001587133,3008259785,4
3008275696,3002764676,1
3010052264,1941150,1
3004966182,3003054732,1
3015252551,3013352224,1
3015158417,3005269673,1
1931182,3013847493,1
3012303419,3014373428,2
3006435842,3009127876,2
3015859129,3011020725,2
3014229024,1250045,2
2012546,1048788,2
3003535240,3008302967,2
3011402904,3014384422,2
3011402904,3016661283,1
3000215611,3011219618,1
3010972581,3006691461,2
3013559620,3012030543,2
3015500516,3013443567,1
1913396,3016117472,1
3009705561,3019329346,1
3009705561,3011319445,3
1000512361,3014573577,1
3011408975,3017622664,1
3004286071,3004758431,1
3004286071,1018573,3
1000119582,1000526875,1
3014623896,3004429449,2
1000418405,3014391500,1
1480885,3009921075,1
3007751703,3005976760,2
3001239108,3026274805,2
3014386146,2027158,2
3001576820,3012816585,1
3015283219,3017760842,1
3013263547,3006489197,7
3009953335,3016690411,1
3005000375,3003734940,3
1000025822,3009712882,2
3015365441,3004378446,2
3012465222,3004021253,2
3018035114,3015235235,2
3007618410,3005564386,1
3020918925,3004763201,2
3013947845,3016710945,1
3020460374,3017155458,2
3014068680,1220701,2
3002664348,3014483112,2
1000125638,1000135238,1
3005796917,3015174203,1
3010138966,3002835459,2
1619076,3016760965,1
3010490167,3012223534,3
3008769612,3000204154,2
1317759,1000525249,2
1000113240,3003273521,2
3017888878,1311209,1
1000174332,1629952,2
2083633,3012063246,1
3016866993,2027164,2
1618285,3015474688,2
3014171113,3010580682,1
3012484129,2411192,1
1000221509,3010810839,2
3019794456,3011286349,4
3009095423,3014685473,2
1000071237,1250001,2
3002523846,3004841580,4
3009840089,3001032341,1
3010840309,3012937475,2
3000203462,1150023,6
3009174563,3004474370,6
3015826784,3008268262,1
3007517881,3012877692,1
3017716431,3012907473,2
3013479261,3011530695,1
3013705271,3009481791,1
3018116910,3008596674,1
1000028052,3011691465,3
3008259785,1946524,1
3001184984,3010943533,2
3002764676,3018118045,1
3014015976,3018061341,1
3003053677,3011772828,3
1941150,3015448605,1
3003054732,3011692533,1
3013352224,3018101540,1
3000215611,3004378632,1
3005269673,3001451695,1
3013847493,3010165327,1
3011368010,1915499,1
3014373428,3015451503,1
3009127876,3003693795,2
3013239969,3009744960,2
3004845420,3014538924,1
3011020725,3012884265,1
2627511,3016413581,1
2627511,1000251214,1
2242327,1413787,1
1250045,3005351861,1
3013856804,3006701521,1
1048788,3013024146,2
3008302967,2114199,1
3014384422,3010043160,2
3014384422,3017517342,2
3016661283,3000204079,3
3011219618,3006271438,1
3006691461,1000446007,1
3012030543,3012144557,1
1000208853,3012353600,1
3012275336,1000110912,1
3013443567,3002889358,2
3003068822,3017159096,1
3016117472,3016927347,1
3019329346,3005734706,2
3009946959,3007007565,1
1250013,3010536120,2
3011800162,3003173295,2
3013374118,3000243857,1
3013374118,3002679704,1
3013927023,3000205427,1
3011319445,3016458098,1
3014573577,1611206,5
3017622664,3014050858,1
3004758431,3003585876,1
1018573,3004737602,1
1000526875,3005694111,5
3004876794,3013854204,2
3004429449,1910619,4
3014391500,3009407408,1
3009921075,3009876430,1
3005976760,3006688078,3
3001744192,1000149906,2
3001744192,3010910756,1
3009963974,3013556857,1
3026274805,3008488415,2
3005350897,3003093882,1
2027158,3012481086,1
3012816585,3014773436,1
3017760842,3015417637,2
3006489197,3009658676,2
3006489197,3009992123,1
3016690411,3003194604,2
3003734940,3005013465,1
3009712882,3004291002,1
3004378446,1000149895,1
3004021253,1950222,9
3015235235,3015554399,1
3005564386,3002808161,1
3004763201,3012228225,1
3016710945,3010211239,1
3017155458,3002808102,1
3017155458,1931484,5
1220701,3011430127,1
3014483112,1000183111,1
1000135238,3015617746,1
3015174203,3015658387,1
3002994577,3004664162,1
3002835459,3006717635,4
3016760965,3004102002,1
3012223534,3015347707,1
3000204154,3007240297,1
3011006339,3009892875,2
3011006339,3007379141,1
1000525249,3003297374,3
3027503130,3013913234,2
3003273521,3009167769,1
1311209,3010960741,1
2246824,1629694,2
1629952,3008425092,1
3012063246,1000160561,1
2027164,3015636426,1
3015474688,3012228279,2
3010580682,3006177509,2
2411192,3008029795,1
3010810839,3005073828,2
1000122232,3015667771,2
3011286349,3008307548,2
3014685473,1025483,3
3014685473,3007373532,1
1250001,3006435023,1
1250001,3015651362,1
3004841580,3011425900,2
3004841580,3015131327,1
3001032341,3013162819,2
3012937475,3010033797,1
1150023,3005947959,1
1150023,3004133725,3
3004474370,3015767533,1
3008268262,3015766791,1
3008420443,3011849882,2
3005871025,3014324616,1
3005871025,3014616341,1
3012877692,3014466792,1
1000121624,3010166882,1
3012907473,3012034737,1
3011530695,3009968674,2
3009481791,3008316085,1
3008596674,3003407422,8
3011691465,3005339091,1
1946524,3006813597,1
3001746542,3012039582,2
3010943533,3005508657,1
1950348,3012491944,1
1950348,3015536439,1
3018118045,3005977675,2
3018061341,3009223273,1
2510734,3010165627,1
3006900385,3012213311,1
2011035,3003972438,2
3011772828,3012097599,1
3015448605,3003343209,2
1480772,1219592,1
3011692533,3006412304,2
3018101540,3015316526,1
1000121624,3004513714,1
3004378632,3021059,3
3004966182,3010177428,1
3001451695,1417188,2
3010165327,3008846564,1
1915499,3007544618,1
3015451503,3015358337,1
3000204955,3006339577,1
3003693795,3011481600,2
3006895982,3010924627,1
3009744960,3013761135,1
3009744960,3009042626,1
3014538924,3009647084,1
1833240,3002516234,3
3012884265,3003672514,2
3016413581,3015275715,2
1000251214,3007628845,1
1310093,3006114593,1
1413787,3002614375,1
3005351861,3008311641,1
3006701521,3009449945,1
3013024146,3006449177,1
1413475,3003926820,2
2114199,3003808759,1
3010043160,3012104093,2
3010043160,3011084341,1
3017517342,3008350682,1
3017517342,3007271263,3
3000204079,1038251,1
3000204079,3002785310,1
3006271438,3009085684,2
1000446007,3008527957,1
1018573,3013931875,1
3012144557,3007291509,4
3008275696,3008932054,1
3012353600,3003301821,1
1000110912,3013957857,2
3002889358,3015381220,2
3017159096,3003231743,1
3016927347,3005409881,1
3005734706,3007488106,1
1450022,3003849542,1
3007007565,3009093782,1
3010536120,3008250236,4
3003173295,3008695101,1
3000243857,3015248970,1
3002679704,3001504726,2
3000205427,1913592,1
3016458098,3002984011,3
1611206,3015212514,1
1619076,3012053582,1
3003734940,3015213291,1
3014050858,1000136063,1
3003585876,3013345425,1
3004737602,3004536846,1
3011887629,3014877770,1
3005694111,3005619485,1
3013854204,3015173289,1
1910619,3010636005,1
1910619,1000218385,1
3009407408,3014539004,1
3009876430,3002806462,2
3006688078,3015238172,1
1000149906,3008481002,1
1000149906,3014325105,1
3010910756,3003620800,1
3013556857,3004455116,1
3003821988,3010822322,1
3015859129,3012390454,1
3008488415,3002468086,3
3008488415,3010015659,2
3005587188,3013956190,2
3003093882,1921541,1
3012481086,3009727070,1
3003068822,3009271465,1
3014773436,3015163407,1
3015417637,1917801,1
3015417637,3003727322,1
3009658676,3003939253,3
3009658676,3005151215,3
3009992123,1912875,1
3003194604,2523696,1
3013559620,3009864318,2
3007751703,3014824985,1
3005013465,3005781562,3
3003273521,3006372310,2
3004291002,1042599,2
1000149895,3004611182,1
3006691461,2511349,1
1950222,2432212,1
3015554399,3004819820,1
3002808161,3011778211,1
3013171766,3006031801,3
3012228225,1383212,4
3002809586,2650089,2
3010211239,3012448465,1
3002808102,3006370489,1
1931484,3002946837,1
3010810839,3014597434,1
3011430127,3007549629,3
1950348,3010922197,2
1950348,3004712471,2
3010704905,3013558030,1
1000183111,3009729392,1
3015617746,3003483729,4
3015658387,3003112911,1
3002889358,3014601588,1
3004664162,3009469622,1
3006717635,2130055,2
1250045,3003144728,1
3004102002,3011888866,2
3015347707,3001321832,1
3007240297,3003220372,1
3009892875,3014316062,1
3009892875,1000525281,1
3007379141,3009188709,1
3003297374,3012555723,3
3013913234,3014797893,1
3013913234,1641406,1
3013705271,2020632,1
3009167769,3003637491,1
3010589333,1000306857,3
3002807424,3003832984,1
3006895982,3010770024,1
3010960741,3011109313,1
3014982757,3006217304,2
1000208853,2023713,1
1629694,3003380618,6
3004763201,3001606885,1
3008425092,3000719772,1
1000160561,3013207472,1
3002808145,3012315020,1
3015636426,3003139089,1
3012228279,3005216842,2
3006177509,3012375554,2
3008029795,3001237964,1
3005073828,3011513131,1
3005073828,3011780163,1
2435254,3001452204,1
3015667771,3007347008,1
3015667771,3002759467,1
3008307548,3013446837,1
3004841580,3010869933,1
3004841580,3006137363,1
1025483,3004839646,2
3004081307,3007474872,2
3004081307,3010212308,1
3007373532,3002719998,2
3006435023,3011043554,2
2627511,3004132818,3
3015651362,3009499217,2
3011425900,3002901096,1
3011425900,3012174424,1
3015131327,2127118,1
3013162819,3014461693,1
3013162819,3007426960,1
3010033797,1925262,4
3002807512,3006368496,1
3005947959,1000113778,2
3011152407,3005868972,1
3004133725,3002981536,2
3015767533,3009699696,1
3015766791,3010166722,1
3011849882,3009192575,3
3011849882,3003885745,1
3014324616,3008529478,1
3014616341,3011893599,2
3004845420,3014255271,1
3014466792,1053442,2
3012907473,3000206685,1
3010166882,3004475754,1
3012034737,3006800017,1
3009968674,3008694072,1
3008316085,3005000348,1
3003407422,3013217028,2
3005339091,3014480778,1
3006813597,3014454961,1
3012039582,3005089639,2
1000069719,3002908878,3
3005508657,3003780900,2
3012491944,2021236,2
3015536439,3000118564,1
3005977675,3011794780,1
3009223273,3013511339,1
3012030543,3014376767,1
3010165627,3010115702,1
3012213311,3013306140,2
3003972438,3013680093,1
3003972438,3012114283,1
1000028052,1610490,2
3012097599,3006763819,1
3003343209,3014466525,1
3003343209,3014133792,1
3007317099,1000125317,1
3003173295,3002619387,1
1219592,3012124170,2
3006412304,1921719,1
3015316526,3010166805,1
3004513714,3006702034,1
3021059,3011688532,2
3021059,3004002973,3
3002806922,1419498,5
1000121624,3014406964,1
3010177428,3001576415,1
1417188,3009898968,1
3008846564,3004483463,1
3007544618,3012045126,1
3015358337,3008229416,1
1940465,3006621470,1
1910648,3010039727,2
1910648,3004819810,2
3014469173,3012669715,2
3014469173,3006102089,1
3006339577,3008785460,1
3011481600,3000779542,1
3011481600,3012068828,1
3010924627,1000120212,1
3010680515,3013958011,1
3013761135,3005051736,2
3009042626,3003967524,2
3009647084,3013978005,1
3002516234,3006266338,1
3006531950,3003854110,2
3003672514,3008386908,3
3015275715,3011007272,3
3015275715,1051203,1
3007628845,3013658933,1
3006114593,3006585888,1
3015474688,3006528506,1
3002614375,3014248824,1
3006489197,3014264608,1
3014373428,3007998963,1
3008311641,3010165224,1
3009449945,3011060456,1
3006449177,3007808836,1
3003926820,3010421557,1
3003926820,3007124044,1
3003808759,3004483441,4
3012104093,3014291533,1
3011084341,3011769075,1
3011319445,3004982260,2
3011368010,3014188233,1
3026274805,3007934424,2
3013854204,3002754162,2
3015235235,3011596846,1
3008350682,3005693151,1
3007271263,3011783104,1
1038251,2023751,1
1000525249,3003090962,1
3013239969,3003978209,2
3008259785,3005644727,1
3002785310,3004886113,1
3013856804,3001162146,1
3006210769,3004733425,2
3009085684,3013995728,1
3009085684,3011289655,1
3008527957,3013138338,1
3003999190,3004504906,3
3013931875,3006644152,1
3007291509,1000117234,5
3007291509,3005482889,2
3009946959,3011055149,3
3008932054,3004153061,4
3003301821,3000717703,3
3013957857,3012486311,1
3013957857,3012138762,1
3015381220,3007045542,5
3015381220,3001164052,1
3003231743,3003906415,1
3005409881,2242985,4
2023614,3004158845,1
3007488106,3005155593,2
3010241801,3000219354,1
3003849542,3006418686,3
3009093782,3002757783,2
3008250236,3011460262,1
3008695101,3002955163,1
3015248970,3010166895,1
3018116910,3006755618,1
3018116910,3011903543,2
3001504726,3009878984,1
1913592,3013306137,2
3002984011,3012306417,1
3004007943,3009603151,1
3015212514,3004585453,1
3012053582,3002808534,2
3015213291,1972829,2
1000136063,1020139,5
3012223534,3009336980,1
3013345425,3003091092,2
1000119582,3011798296,1
1000119582,3011543431,1
3005117563,3012903349,1
3008302967,3005742706,1
3010972581,3001670917,1
3010972581,3005660579,1
3003053677,3003982646,1
3004536846,3005832998,1
3009127876,3010683157,2
3014877770,3004414652,2
3005619485,3011090864,1
3005976760,3004033751,1
3015173289,3004962092,1
3015252551,3012966715,1
3010636005,3005921257,2
1000218385,3000287309,1
3027503130,3003418287,1
3014539004,3013030904,1
3002806462,3003338476,1
3015238172,3010165567,1
3008481002,1000373305,1
3014325105,3006213806,1
3003620800,3006572203,2
3011772828,3007320708,1
3011772828,3008004582,1
3004455116,3005877120,1
3012937475,1980316,1
3010822322,3004459466,2
3012390454,3000199542,1
3002468086,3011568793,1
3010015659,3005115135,1
2246824,3010247043,1
3013956190,3003610251,1
3013956190,3011942686,1
1921541,3007372558,1
3009727070,3009769207,1
3009271465,3010404505,1
3015163407,3010387028,1
3001432470,3006460758,1
3014171113,3009773851,1
3014171113,3013444075,1
1917801,3013628906,1
3003727322,3003340745,1
3003939253,3011509553,2
3003939253,3012888346,1
3005151215,3013559264,1
1912875,3004881534,1
2523696,3008559304,1
3005350897,3012184662,1
3009864318,3013436443,1
3014824985,3010836489,3
3005781562,3010784755,1
3006372310,3013670025,1
1042599,3009436720,1
1042599,3013497126,1
3004611182,3004102971,1
2511349,1000223178,1
2432212,3011123993,2
3004819820,3011775721,1
3011778211,3010839113,2
3006031801,3010632712,1
1383212,3013442632,1
2650089,3012366186,1
3012448465,3012271380,1
3006717635,3004969894,5
3006717635,3010166880,1
3004021253,3013330273,1
3006370489,3010163907,1
3002946837,3002807242,1
3014597434,3002683524,1
3005320466,1047240,3
3007549629,3006447041,1
3010922197,3012316632,1
3004712471,3008655176,1
3009864318,3001431455,1
3013558030,3002806569,1
3009729392,3008260036,1
3002869527,3010166452,1
3003483729,1000076625,1
3003483729,3006739366,1
3003112911,3005081370,2
3014601588,3003516782,1
3008275696,3006370331,1
3009469622,3013448581,1
2130055,1824467,1
3003144728,3005457901,1
3011888866,3010166941,1
3001321832,3003031339,2
1018573,3005241015,1
3003220372,3008231170,2
3012275336,3004619185,1
3014316062,3003677831,2
3012048333,3005684792,5
3002807511,3003092574,1
1000525281,3007957196,1
3009188709,1922249,1
3012555723,3004096643,1
3007751703,3011476755,1
3014797893,3004859058,1
1641406,3013452490,1
2020632,3010671652,1
3003637491,3004506176,1
3003693795,3003519498,3
1000306857,3004486825,1
3003832984,3004060039,1
3010770024,3004600183,2
3011109313,3010167039,1
3006217304,3013345770,1
2023713,3003887639,2
3003380618,3007931994,1
3002835459,3008221060,1
3005519645,3010518986,1
3001606885,3006442227,1
3000719772,3011837323,3
1910619,3011717652,1
1910619,3013345757,1
3013207472,3008862488,2
3012315020,3008328782,2
3003139089,3012160163,2
3005216842,3013350442,1
3012375554,3003546340,2
3012375554,3004593468,2
3001237964,3009143510,1
3011513131,3011688905,1
1417188,3011430551,2
3011780163,3003447972,2
3004378446,1000174711,2
3001452204,3010166363,1
1150023,3011486213,1
1150023,3002949085,2
3007347008,3004085558,1
3002759467,3003460347,1
3014483112,3012788109,1
3013446837,3011752429,3
3010869933,3009719616,1
3006137363,3007487989,1
3004839646,3012299349,1
3011286349,3011473501,1
3007474872,3009490758,1
1000028052,3006549835,2
3010212308,3006089725,1
3002719998,3008523281,1
3011043554,3013118095,1
3004132818,3005853921,1
3009499217,3012178852,1
3002901096,3003802404,2
3012174424,3009206013,1
2127118,3004034796,4
3014461693,3012669716,1
2027164,3005587213,1
3007426960,3013236711,1
1925262,1000121499,2
1925262,3012823477,1
3006368496,3004516706,2
1000113778,2130351,1
3005868972,3012151078,1
3002981536,3005186075,1
3002981536,3006375239,1
3009699696,3007720135,1
3010166722,3010199915,2
3007450508,1525385,1
3009192575,3012855072,1
3003885745,3010829786,1
3008529478,3009883261,1
3011893599,3004138658,1
3011691465,3002816388,1
3014255271,3003525539,1
3001504726,3004948283,2
1053442,1000399435,1
1053442,3010656208,1
3000206685,3010747421,1
1000122232,3012729025,1
3004475754,1712956,1
3003194604,3008307735,1
3006800017,3012690073,1
3008694072,3004610520,1
3005000348,3008581406,1
3013217028,3010469933,1
3014480778,3004149463,1
3014454961,3009653722,1
3005089639,3012119346,2
3005089639,3003909192,4
3002908878,1000517647,1
3002908878,3006362781,1
3003780900,3006072852,1
2021236,3008294355,1
3000118564,3010219111,1
3011794780,3012828918,2
3013511339,1000126533,2
3014376767,3012716728,1
3010115702,3012619291,1
3013306140,3004393766,1
3013306140,3004453513,1
3013680093,3004421212,2
3012114283,3010087152,7
3006688078,3003574426,1
1610490,3008481334,3
3006763819,3009275897,2
3014466525,3012837733,1
3014133792,3011827553,1
1000125317,3011761321,1
3002619387,3004083931,1
1035794,3003634098,1
3012124170,3012384902,1
1921719,3004982352,1
3010166805,3009228834,1
3006702034,1629988,1
3011688532,3006899835,1
3004002973,3011990201,1
1419498,2618677,5
1419498,3012718293,1
3005694111,3004488338,1
3014406964,3012733828,1
3001576415,3009271645,1
3009898968,3010280514,1
3004483463,3004168148,2
3003734940,3012773475,1
3012045126,3012283425,1
3008229416,3012188090,1
3006621470,3011412185,2
3010039727,1530045,1
3004819810,3003749017,1
3012669715,3005587313,1
3006102089,3012346039,1
3004497364,3006228598,13
3008785460,3008256667,1
3000779542,3011761505,1
3012068828,1419181,1
1000120212,3005630265,1
3013958011,3008746159,3
3005051736,3012113857,1
3003967524,3006141618,1
3013978005,3012248071,1
3006266338,3004058356,1
3003854110,3007028032,1
3008386908,3002784388,1
3011007272,3012107499,1
1051203,3005306722,5
3013658933,3012242764,1
3006585888,3012124155,1
3006528506,3005063169,1
3014248824,3006118922,1
3014264608,3002806711,2
3007998963,3008910005,1
3010165224,3004504829,2
3011060456,3012086997,1
3007808836,3012384835,1
3010421557,2131087,1
3007124044,3012410440,2
3004483441,3012116497,1
3014291533,3012316476,1
3013927023,3004215358,1
3004429449,3008343466,1
1000135880,3003916387,1
3010490167,3003632442,1
3011769075,3003531601,1
3004982260,3012335395,1
3014188233,3012292690,1
3007934424,3003599643,1
3007934424,3012301476,1
3002754162,1000488360,1
3002754162,3012360920,1
3011596846,3002806840,1
3005693151,3004577394,1
3011783104,3012217113,1
2023751,3003183265,1
3003090962,3011432609,1
3003978209,3012327274,1
3005644727,3006795842,1
3004886113,3012194441,1
3001162146,3010679196,1
3004733425,3011028213,1
3004733425,3012327563,1
3013995728,3010603689,1
3011289655,3006899675,1
3013138338,3006317860,1
3004504906,3004375014,1
3007652252,3012054959,1
3006644152,3012289794,1
1000117234,3012289984,1
3005482889,3002807304,1
3005482889,3008077936,1
3011055149,3012248018,1
3004153061,3004483648,1
2435254,3012194421,1
3000717703,3011007486,1
1000174332,3011830726,1
1000174332,3011624368,1
3012486311,3008408337,1
3012138762,3003789425,1
3007045542,3012153909,1
3002516234,1000080028,2
3001164052,3003735573,1
3003906415,3010462471,1
2242985,3004117396,2
3004158845,3012036684,1
3005155593,3012038210,1
3005155593,3012150786,1
3000219354,3012157022,1
3006418686,1000123669,1
3011020725,3006164918,1
3002757783,3011688524,1
3011460262,3010887001,1
1629952,3005597807,1
3002955163,3012200488,1
3010166895,3006560479,1
3006755618,3008213711,3
3011903543,3003436217,1
3007517881,3011786434,1
3009878984,2074359,1
3013306137,3001298034,3
3013306137,3006252626,1
3012306417,3004364074,1
3009603151,1000525461,2
3004585453,3012038236,1
3006372310,3012094505,1
3002808534,3004613997,1
1972829,3002808537,3
1020139,3009486960,1
3009336980,3006254924,1
3003091092,3012119287,1
3011798296,3004660427,1
3000204154,3003947557,1
3011543431,3012095980,1
3009712882,3004055563,1
3012903349,3006055465,2
3005742706,3008933400,1
3001670917,3012014525,1
3005660579,3012080718,1
3003982646,3010095233,1
3005832998,1420913,2
3010683157,3011461901,1
3004414652,3011639175,1
3011090864,3012039464,1
3004033751,3003671775,2
3004962092,3002644678,1
3012966715,3002875215,1
3005921257,3012017760,1
3005921257,1921258,1
3000287309,3008301076,1
3003418287,3008766221,1
3013030904,3008519597,1
3003338476,3011061340,1
3010165567,3010307355,1
1000373305,3006028606,1
3003672514,3006016750,1
3006213806,3011755158,1
3006572203,3009278506,1
3002807958,3005529620,1
3005216842,3005231215,1
3007320708,3005664940,1
3008004582,3007535890,1
3006531950,1000371043,1
3005877120,3008927138,1
1980316,3011870779,1
3004459466,3011935870,1
3000199542,3003394260,1
3011568793,3009242644,1
3013705271,3002681694,1
3003598505,3001722961,1
3005115135,3002808500,1
3004555163,3011927499,1
3004293613,3003910088,1
3002807424,3011936057,1
3010247043,1831143,1
3003610251,3011857239,1
3011942686,3008297643,1
3007372558,3002749414,1
3010680515,3010532174,1
3009769207,3011788103,1
3010404505,2434807,2
3010387028,1000113908,1
3006460758,3000287096,2
3005151215,3011851077,1
3009773851,3011707930,1
3013444075,3003828267,1
3013628906,2227345,1
3003340745,3003511617,4
3011509553,3006512913,1
3012888346,3000718824,1
3009968674,3011898105,1
3013559264,3008866577,1
3004881534,3003135337,1
3008559304,3011714464,1
3012184662,3000278206,2
3004610460,3011029136,2
3013436443,3008688061,2
3010836489,3011886110,1
3010784755,3011804748,1
3013670025,3008471866,1
3008307548,3003255171,3
3009436720,3002807299,1
3004464535,3004598644,1
3013497126,3004395180,1
3004102971,1925774,1
1000223178,3006577714,6
3011123993,3011823099,1
3011775721,3003369660,2
3010839113,3010143914,1
1000028052,3011691193,1
3010632712,3010147151,1
3013442632,3007710622,1
3012366186,3011595566,1
3012271380,1525457,1
3004969894,3004562873,1
3010166880,3006101483,1
3013330273,3008640596,1
1417519,3002737059,1
3013024146,3010530333,1
3010163907,3011701716,1
3002807242,3011593655,1
1610490,3010157885,1
3002683524,3011596842,1
3012228279,1000137645,1
3004483441,3011814980,1
1047240,3007721552,1
3001769828,3006014626,2
3006447041,3005180755,2
3012316632,3011805226,1
3008655176,3004599113,1
3001431455,1318506,1
3002806569,3011770053,1
3008260036,3006643956,2
3010166452,3002773156,1
1000076625,3008618917,1
3006739366,3011255761,1
3005081370,3011711898,1
3005081370,3005256616,1
3003516782,3004578527,1
3006370331,3023801,1
3013448581,1926719,1
1824467,3005148724,1
3005457901,3011620292,1
3010166941,3011681925,1
3003031339,3011614021,1
3005241015,1000344305,1
3008231170,3005652193,1
3004619185,3009500482,1
3003677831,3003687986,1
3005684792,3007892954,1
3003092574,3011462469,1
3007957196,3002681033,1
1922249,3011063643,1
3004096643,3008996626,1
3011476755,1024883,1
3004859058,3011071528,1
3013452490,3002708794,1
3010671652,3011573825,1
3004506176,3002535375,1
3003519498,3005530267,1
3008250236,3008117347,1
3004486825,3010055376,1
3007549629,3003735151,2
3004060039,3008815009,2
3004600183,1000120110,2
3010167039,3008783879,1
3013345770,3009718934,2
3003887639,3010894175,1
3007931994,3011536648,1
3008221060,3011696997,2
3010518986,3011677351,1
3006442227,3006594435,1
3011837323,3004391730,1
3011837323,3011656880,1
3004819810,1527137,5
3011717652,3003598653,1
3011286349,3009443653,1
3013345757,1000111130,1
3008862488,3004969602,1
3008862488,3010166847,1
3008328782,3003768199,1
3012160163,3011609084,1
3012160163,3011581046,1
3013350442,3004603767,1
1910648,3001617778,1
1910648,3011059443,1
3003546340,2523348,1
3004593468,3009339896,2
3003967524,1000166776,2
3009143510,1000222037,2
3011688905,3004820022,1
3011430551,3011638445,1
3006210232,3011630209,1
3003447972,3005440817,1
1000174711,3011394698,1
3010166363,3011438561,1
3011486213,3004268965,2
3007474872,3011604052,1
3002949085,3011421557,1
3006217304,1384563,1
3011967886,3003631275,1
3004085558,3000207042,1
3003460347,3009842420,3
3012788109,1000516325,1
3011752429,3011508629,1
1950222,3001451618,1
3005781562,3001229385,1
3004712471,3009958594,1
3009719616,3009474948,1
3011007272,3008350507,1
3011007272,3004578635,1
3007487989,3013995812,1
3012299349,3001878625,1
3006851654,3005289335,2
3011473501,3002127548,1
3003407422,3009766280,2
3009490758,3011318946,1
3006549835,3011504027,1
3006089725,3001239150,1
3013217028,3011454550,1
3012039582,3004110157,1
3008523281,3011501377,1
3012465222,3009740213,1
3013118095,3006986091,1
3005853921,3008933231,1
3012178852,3006895951,1
3003802404,3005761912,1
3009206013,3011146025,1
3004034796,3010607663,1
3005684792,3007250542,1
3012669716,3010894019,1
3005587213,3004370528,3
3013236711,3005995608,1
1000121499,3011412349,1
3012823477,3010998746,1
3004516706,3010120070,1
2130351,3004979689,1
3012151078,3005333884,1
3005186075,2246811,1
3006375239,3011396023,1
3007720135,3010944350,1
2023614,3011417907,1
2023614,3011153286,1
3010199915,3003671545,1
3007291509,2126636,1
3007291509,3003804593,1
1525385,3002401385,1
3012855072,3004218330,2
1383212,3010535977,1
3010829786,3001329340,2
3009883261,3011441000,1
3005350897,3007942369,2
3004138658,3002821216,4
3010490167,3003644098,1
3002806462,3000204465,5
3002816388,3005979423,1
3003525539,3010164414,2
3004948283,3010106310,1
1000399435,3007287078,1
3010656208,3010067678,1
3008420443,3009422393,1
3007090726,3008480041,1
3010747421,3007934434,1
3012729025,1626573,1
3011888866,3008290530,1
1712956,1000221369,1
3008307735,3002808503,2
3012690073,3011233617,1
3004610520,3011402879,1
3004982260,3006486156,1
3008581406,3007719313,2
3010469933,3011014614,1
3003854110,3010476065,1
3004149463,3008831578,1
3005684792,3011364861,1
3009653722,1000135461,1
3002809586,3011108244,1
3012119346,3011357279,1
3012119346,2211017,1
3002516234,3011278953,1
3003909192,3007512701,1
1000517647,3005239785,2
3006362781,3004540156,2
3006072852,1642813,2
3008294355,3004938047,1
3010219111,3006406317,1
3012828918,3006171173,1
3012828918,3003724330,1
1000126533,3011053151,1
3012716728,3008990081,2
1000306857,1629861,1
3012619291,3011100644,1
3004393766,3005472652,1
3004453513,3005709321,1
3004421212,3005447965,1
3010087152,3005317521,1
3003574426,3010026564,2
3008481334,3000204447,2
3008481334,3004769268,1
3008481334,3011058188,1
3009275897,3010606226,1
3009275897,3011238771,1
1940465,3011056931,1
3012837733,3011274409,1
3011827553,3011275322,1
3012669715,3005084110,1
3011761321,3007315397,2
3004083931,1450316,1
3003634098,3011123156,1
3012384902,3010099772,2
3004982352,3008364285,1
3009228834,3006996287,4
3004483441,3009127255,1
1629988,3037651109,1
3006899835,1944921,1
3011990201,3011020371,1
2618677,1527294,1
3012718293,3010984686,1
3010015659,3000199569,1
3004488338,3010952294,1
3012733828,3011180468,1
3009271645,2477600,1
3010280514,3011193301,1
3004168148,3011067227,1
3012773475,3003630144,1
3006688078,3001518810,2
3012283425,3002787468,2
3003978209,3006595385,1
3012188090,3002791246,1
3012104093,3002796963,1
3011412185,3011123163,1
1530045,3009803267,2
3003749017,3004526075,1
3005587313,1020294,2
3012346039,3011074473,1
3006228598,3008412159,1
3006228598,3011078156,2
3005124189,3001603179,2
3008256667,3000215693,1
3011761505,3007166802,3
1419181,3011082279,1
3005630265,3010156208,1
3008746159,3011116100,1
3003407422,3010977321,1
3012113857,3003987288,2
3006141618,3008954658,1
3012248071,3002806766,2
3004058356,3008197162,1
3012555723,3011130315,1
3012555723,3002621435,1
3007028032,3005391593,1
3002784388,3010737221,1
3008328782,1943943,1
3012107499,3003644515,1
3005306722,3009805360,1
3005306722,3003512842,1
3005306722,3010454802,1
3012242764,3010838089,1
3012124155,3011132849,1
3005063169,3008938326,1
3011319445,3006376518,1
3006118922,3010838077,1
3002806711,3010241907,1
3008910005,1000220148,1
3004504829,1051570,1
3006031801,3002883575,1
3012086997,3004600090,2
3012384835,3007574780,1
2131087,1621802,6
3012410440,3004233940,1
3012410440,3003264407,1
3012116497,3003276205,1
3012316476,3010832007,1
3010241801,3010774032,1
3004215358,3010078549,3
3008343466,3005144312,1
3003916387,3006028555,2
3003632442,3003434972,3
3009192575,3010635868,1
3011752429,3010836220,1
3003531601,3007648351,2
3012335395,3003412987,1
3012292690,1000120002,1
3003599643,3003164067,1
3012301476,1383116,2
1000488360,3008238227,1
3012360920,3005085928,2
3002806840,3004486423,1
3004577394,2000010324,1
3012217113,3011004180,1
3007271263,3007257693,1
3004086192,1000220363,1
3003183265,1019820,2
1419498,1000100855,1
1419498,3010911464,1
3011432609,3004753417,2
3012327274,3005566936,1
3006795842,3002792224,1
3012194441,3004756270,1
1000028052,3007163789,1
3010679196,3004153003,1
3011028213,3010716483,1
1925262,1383341,1
1925262,3011012927,1
3006177509,3003939216,1
3012327563,3012681020,2
3009499217,3004944629,1
3004002973,3010987658,1
3004002973,3005580627,1
3010603689,3002808514,1
2242985,3007181436,3
1150023,3010938139,1
1150023,3010981181,1
3004845420,3010490215,1
3006899675,3010281326,1
3004034796,3004378804,1
3011903543,3003813519,1
3006317860,3006484122,1
3004375014,3010162394,1
3012054959,3008975772,1
3012289794,3010955218,1
3012289984,3009290063,1
2021236,3002808041,1
3002807304,3003053170,1
3008077936,3005331940,2
3012248018,3004596923,1
3004483648,3000215680,5
3012194421,3010733856,1
3011007486,2129498,1
3011830726,3000204927,1
3011624368,3003576260,1
3008408337,3003381432,2
3004132818,3002807297,2
3004168148,3003141724,1
3010087152,3003263118,1
1000174711,2210008,1
3012124170,3004043079,1
3003789425,3008585532,2
3012153909,1000492333,1
1000080028,3008846597,1
3003735573,3004971302,1
3010462471,3010563286,1
3012223534,3010737246,1
3004117396,2523257,1
3012036684,3006076314,1
3012038210,3010598266,1
3012150786,3006948403,1
3012157022,3010820545,2
3010199915,1217243,2
1000123669,3007021905,1
3006164918,3010823543,1
3011688524,3010825955,1
3010887001,3010482178,1
3005320466,3010718653,1
3005597807,3010739242,1
3012200488,3006499837,3
3011691465,1000125216,7
3006560479,3003002370,3
3008213711,3010796560,1
3003436217,1000514596,1
3011786434,3009866948,1
2074359,1519257,6
3001298034,3010711931,1
3010087152,3010769073,1
3006252626,3008446871,1
3004364074,3007349130,1
1000525461,3010751543,2
3012038236,3008613324,1
3012094505,3024341,1
3004613997,3004061967,1
3002808537,3004443273,1
1025114,3006769712,1
1000113778,3008981770,1
3009486960,3004640070,1
3006254924,3005210225,1
3012119287,3003353853,1
3004660427,3007343484,3
3003947557,3009192024,1
3012095980,3010635938,1
3004055563,3006691656,1
3006055465,3010149843,1
3008933400,1000305948,1
3012014525,3010728609,1
3012080718,1000119976,1
3010836489,3010738011,1
3010095233,3010738128,1
1420913,3008402250,1
1420913,3003887109,1
1020139,3010349464,1
3011461901,1384453,1
3011639175,3010510395,1
3012039464,1316590,1
3003671775,3006143547,1
3002644678,3010712394,1
3002875215,3007018091,1
3012017760,1626491,1
1921258,3000205967,1
3008301076,3004835647,1
1000121624,3010506849,1
3008766221,3009399806,1
3008519597,3008545334,1
3004516706,3004006654,1
3011061340,3005566735,1
3007045542,3003619709,1
3010307355,3010349457,1
3006028606,3009501339,1
3006016750,3003965615,1
1220701,3010667114,1
3011755158,3010533926,1
3009278506,3002807173,1
3005529620,3008534548,1
3005231215,1000597585,2
3005051736,1000391015,1
3005664940,3005202703,1
3007535890,3005287250,1
1000371043,3002775853,2
3008927138,3001451326,2
3011870779,2011163,1
3011935870,3010392517,1
3005048741,3005625732,1
3003394260,1282965,1
3009242644,3007174596,1
3002681694,3010223386,1
3001722961,3010581040,1
3002808500,3004161432,1
3011927499,3010666567,1
3003910088,3010402064,1
3011936057,3001174929,1
1831143,3004544153,1
3011857239,1000120311,5
3011837323,3007803313,1
3008297643,3008823545,1
3002749414,1000118926,1
3010532174,3008723337,1
3011788103,3004407863,1
2434807,3006481857,1
1048788,3010657600,1
3011887629,3009685660,1
1000113908,1038197,1
3000287096,3003732116,1
3011851077,3010338088,1
3011707930,3004918322,1
3003828267,3004820464,1
2227345,1927976,1
3003511617,1000161249,1
3003511617,3010633613,1
3006512913,3005466325,1
3000718824,3004461391,1
3011893599,3002807260,1
3011898105,3005656140,1
3008866577,3010391925,1
3003887639,1019003,3
3003135337,3007581821,1
3011714464,3010370861,1
3000278206,3001236851,1
3011029136,3007204218,2
3011029136,1000220240,1
3008688061,2246686,1
3008688061,1000113612,1
3011886110,3010492449,1
3011804748,3007200605,1
1218914,3010580365,1
1218914,3009509818,1
3008471866,1000138425,1
3004723334,3010260678,1
3003255171,3010533670,1
3010222586,3006174137,1
3002807299,3010285019,4
3004598644,3014669549,1
3004395180,3004459274,1
1925774,3010538416,1
3006577714,3004985718,1
3010536120,3008919948,1
3011823099,3007084136,2
3003369660,3004206973,1
3010143914,3010247538,1
3010943533,3005021979,1
3010087152,3004490277,2
3011691193,3010093195,1
3010147151,3009509475,1
3007710622,3004951642,1
3011595566,3006624348,1
1525457,3005409363,1
3010039727,3008071495,1
3004562873,3008448600,1
3006101483,3010349469,1
3008640596,3003302735,2
3002737059,1650293,1
3010530333,3010450840,1
3011701716,3010346131,1
3011593655,3010302732,1
3010157885,3006257565,1
3011596842,3007322782,1
1000137645,3010273514,1
3011814980,3010332063,1
3007721552,3008773783,2
3000717703,3003744377,2
3006014626,3010433194,1
3005180755,1000170338,1
3011805226,3004896392,1
3004599113,1000237659,1
3011509553,3010267279,1
1318506,3010489800,1
3011770053,3005256547,2
3006643956,3010239945,1
3008259785,1000119936,1
3008259785,3010224777,1
3002773156,3008316000,1
3008618917,3004987365,1
3011286349,3006503102,1
3011255761,3009815000,3
3011711898,3002161292,1
3005256616,3010362932,1
3004578527,3006388896,1
3023801,3006365166,1
1926719,1035703,1
3005148724,3010364251,1
3011620292,3004586701,1
3011681925,3010306581,1
3011614021,2022474,5
1047240,3004668624,3
1000344305,3003360907,1
3005652193,1824979,1
3009500482,3010283065,1
3004107906,3010074154,1
3003687986,3010024957,1
3011752429,3010086972,1
3007892954,3003633738,1
3011462469,1824975,1
3002681033,3009864179,1
3011063643,3010366766,1
3006031801,3009510975,1
3011688532,3010102941,1
3008996626,1051558,1
1024883,3010007624,1
3011071528,3010185641,1
3002708794,3003809882,1
3011573825,3007351309,1
3002535375,3010253531,1
3005530267,3010336557,3
3011158388,3010292268,1
3000204955,3005720500,1
3008117347,3009992148,1
3010055376,3006733171,3
3003735151,3010132195,1
3003735151,3010297730,1
3008815009,3002935417,1
3008815009,3010210468,1
1000120110,3009865009,1
3008783879,3007503037,2
3009718934,3004897377,1
3010894175,3010230530,1
3011536648,3005216662,1
3011696997,3009641885,2
3011696997,3009707504,1
3011677351,3010260624,1
3006594435,3010132216,1
3004391730,3002937541,1
3011656880,3010227043,1
1527137,3000960747,1
3003780900,3004294797,1
3003598653,3003239568,1
3009443653,3010009409,1
1000111130,3009964463,1
3004969602,1970355,1
3010166847,3010182935,1
3003768199,3010091389,1
3011627411,3010182931,1
3011609084,3010142053,1
3011581046,3009429180,1
3004603767,3004512666,1
3001617778,3010138123,1
3011059443,3003825704,1
2523348,3010223213,2
3009339896,3005893178,1
3003380618,3010112437,1
3004600183,3003360719,1
3009713694,3002429172,1
2242985,1000307800,3
1626310,3008802810,1
1626310,3004733149,2
1000166776,3010199183,1
1000222037,2250102,4
3007045542,3001237113,1
3004504906,3010225496,1
3004504906,3010193259,1
3006577714,3010157687,1
3004820022,3006743992,1
3011638445,3010143781,1
3011630209,3011304354,3
3005440817,3009925866,1
3011394698,3010027107,1
1611206,1000221847,1
3009192575,2020808,1
3011438561,3004315824,3
3004268965,3010145623,1
3004268965,3010116308,1
3011604052,1000160050,1
3011421557,3010148993,1
1384563,3009311943,1
3003631275,3010098552,1
3000207042,3006754688,2
3007751703,3004951672,1
3009842420,3004148857,1
1000516325,3010477,1
1000028052,3008240772,1
3006055465,3010091388,1
3011043554,3004114003,1
3011508629,3010071058,1
3001451618,3010101049,1
3001229385,3007197995,1
3010680515,3004218327,1
3009958594,1384511,1
3009474948,3010131060,1
1000117234,3009073476,1
3008350507,3004536451,1
3004578635,3008164370,1
3013995812,3010083157,1
3001878625,3010089853,1
3011055149,1911196,2
3005289335,3000203232,1
3002127548,3010027098,1
3009766280,3005236450,1
3006210232,3004418115,1
3004414652,3010098837,1
3011318946,3009959924,1
3011504027,3002902471,2
3001239150,3010078541,1
3011454550,2431825,1
3004110157,3006489293,1
3011501377,3010084286,1
3005694111,3004317386,1
3005694111,1822861,1
3005694111,3009805427,1
3006572203,3002128313,1
3009740213,1000138964,1
3006986091,3007527278,1
3011412185,3009724085,2
3008933231,3006677294,1
3006895951,3009956902,1
3005761912,3003914943,1
3005734706,3006306504,3
3011146025,3003254930,2
2618677,3003426453,1
3010607663,3005553411,1
3007250542,3003569504,1
3010894019,3008335877,1
3004370528,3003732635,1
3005995608,1000221951,3
3011412349,3003233369,1
3010998746,3006359068,2
3003297374,3003973137,1
3010120070,3009991059,1
3004979689,3004497213,4
3005333884,3004182921,3
2246811,1940172,1
3011396023,3008724211,1
3010944350,3008575486,1
3011417907,3006345305,1
3011153286,3004813928,1
3003671545,3009393856,1
2126636,3009869658,1
3006435842,3002596670,1
3006435842,1050280,1
3003804593,3071347,1
3002401385,3007788165,1
3011430551,1911445,4
3004218330,3001452902,1
3010535977,3001779702,2
3001329340,1000220451,2
3011441000,3002864855,1
3007942369,3009988995,1
3002821216,3009885851,1
3003644098,3009832433,1
3000204465,3005602667,1
3000204465,3005683398,1
3006531950,3009984688,1
3005979423,3003269328,1
3010164414,3002808411,1
3010164414,3004385661,1
3010106310,3009473602,1
3007287078,3004393005,1
3010067678,3009946163,1
3009422393,3009861491,1
3008480041,3009925820,1
3007934434,3009695858,1
1626573,1000523068,1
3008290530,2000044401,1
1000221369,3001833549,2
3002808503,3009794745,1
3011233617,3008065565,1
3001576820,3033007964,9
3011402879,3006748698,1
3007942369,3006729016,1
3006486156,3009703303,1
3007719313,3009924992,1
3007719313,3002807972,1
3006549835,3006145876,2
3011014614,1000117200,1
3010476065,3009855773,1
3003519498,3009803643,1
3008831578,3000210902,1
3011364861,3000207101,1
1000135461,3003806005,2
3011108244,3008855139,1
3011357279,1000149665,1
2211017,3009712793,1
3011278953,3009633546,1
3007512701,3009695624,1
3005239785,3009689842,1
3004540156,3006643484,1
1642813,3001236616,1
3004938047,3005289365,1
3006406317,3009847113,1
3006171173,2939651,1
3009590582,2024830,1
3003724330,3007091297,1
3011053151,3008314161,1
3008990081,3009832610,1
1629861,3003565597,1
3005151215,3009839038,1
3011100644,3009860638,1
3005472652,3007150293,2
3005709321,3005962855,1
3005447965,3009793893,1
3011152407,3002806556,1
3005317521,3005881167,1
3010026564,3005711227,1
3000204447,3009688205,2
3007549629,3009633252,1
3004769268,3008324680,1
3011058188,3009751999,1
3010606226,3006368299,1
3004723334,1819171,1
3011238771,3002806504,1
3011056931,3008707363,1
3011274409,3008606075,2
3011275322,3006997964,1
3005084110,3001617666,1
3004969894,3003420009,1
3007315397,3009693592,1
1450316,3002829723,1
3011123156,3009533106,1
3010099772,3009811874,1
3008364285,3009765836,1
3006996287,3006258214,1
3009127255,3000213107,1
1383212,3009758054,1
3037651109,3005341755,1
1944921,1713202,3
3011123993,3006415943,1
3011020371,3009654088,1
1527294,3009727460,1
3010984686,1383750,1
3000199569,3006636678,1
3005977675,1039075,1
3010952294,3008365340,1
3011180468,3009763861,1
3004593468,1000115351,2
2477600,3006375488,1
3010589333,1000129212,1
3011193301,3009206858,1
3011067227,2311630,1
3003630144,3004348077,1
3001518810,3003468167,1
3005684792,3008534253,1
3002787468,3009580340,1
3002787468,3004550488,1
3006595385,3007733993,1
3002791246,3002729075,1
3002796963,3003604776,1
3011123163,1000135772,1
1047240,3009696154,1
3005280525,3009503226,1
3009803267,3003411215,1
3004526075,3003972366,1
1020294,3009613944,1
1950222,2938817,1
3011074473,3009178119,1
3008412159,3004096641,1
3011078156,3009018121,1
3011078156,3007942316,1
3002949085,1000221798,1
3001603179,3002906944,2
3001603179,2072994,3
3000215693,3005919692,1
3007166802,1000221876,1
3011082279,3009441870,1
3010156208,3006400046,1
3011116100,3005283176,1
3010977321,1473043,1
3003987288,3004611200,1
3003987288,1036365,4
3008954658,3006710515,1
3002806766,3006607168,1
3008197162,3004699389,1
3011130315,1000307762,1
3002621435,1000116464,1
3005391593,3009091521,1
3002821216,3008589361,1
3002821216,3004024051,1
3005180755,3006991069,1
3010737221,3009200794,1
1943943,1942042,2
3003644515,3003572792,1
3009805360,3009536745,1
3003512842,1000307223,1
3010454802,1282632,1
3010838089,1000100927,1
3011132849,3001451590,1
3008938326,3020044,1
3006376518,3002931695,1
3010838077,3005552218,1
3010241907,3007177643,1
1000220148,1626923,1
1051570,1000160579,1
3002883575,3009242726,1
3004600090,3009550382,1
3007574780,1770153,1
1621802,3006553457,1
1621802,3002807877,1
3004233940,1416923,4
3003264407,3004524829,1
3003276205,3002535019,3
3010832007,1220537,1
3010774032,2650176,2
3010078549,3008539577,1
3005144312,3009019692,1
3006028555,3008191630,1
3003434972,3000204446,1
3010635868,1832693,1
3010836220,1000124057,1
3007648351,2938184,2
3003412987,3004328516,1
1000120002,3001452658,1
3003164067,3002985640,1
1383116,3009460637,1
3008238227,3007323793,1
3005085928,3009460645,1
3004486423,1771443,2
2000010324,3008808745,1
3011004180,3009547089,1
3007257693,1111898,2
1000220363,3004341688,1
1019820,3007279316,1
3004969894,3009528593,1
1000100855,3004474381,1
3010911464,3006377796,1
3004753417,3003721123,1
1000121499,3004173402,1
3006014626,3009486627,1
3005566936,3009425483,1
3002792224,3004186759,1
3004756270,3002740213,1
3007163789,3009499974,1
3002809586,3004054758,1
3008769612,3003008014,1
1020139,3002888623,1
3004153003,3008276856,1
3010716483,3009338759,1
1383341,1828287,1
3002984011,3008274428,1
3004459466,3003632684,4
3011012927,1000520775,1
3003939216,3008965719,1
3012681020,1721400,3
3004944629,3003194366,1
3010987658,3009417634,1
3005580627,3006618094,1
3004600090,2518563,1
3002808514,3000151819,1
3007181436,3003492947,2
3010490167,1000150790,1
3004723334,1000113338,1
3004723334,3004596345,1
3010938139,3004677002,1
3010981181,3009301218,1
3010490215,3004574521,3
1972829,1000514349,1
1000525461,1383322,1
1000080028,1000117969,2
3010281326,3007738871,1
3010922197,3009382986,1
3006418686,3009442128,1
3004378804,2242829,1
3003813519,3008254880,1
3006484122,3003779775,1
3010162394,3007786836,1
3008975772,1616530,1
3010955218,3001701602,2
3009290063,3005241330,1
3002808041,3000205588,1
3003053170,1641527,1
3008250236,3005676766,1
3005331940,3009205875,1
3005331940,3008857908,2
3004596923,3002729102,3
3000215680,3009194999,1
3010733856,3005205313,1
2129498,1000112409,2
3000204927,3005013963,3
3003576260,3006323887,1
3010836489,3005480647,1
3003381432,1177788,1
3003381432,3001087462,3
3002807297,3003271254,1
3002807297,3009271077,1
3003141724,3001236274,1
3003263118,3009245075,1
2210008,3009346596,1
1383212,3009255610,1
3010087152,1000086892,1
3004043079,3009309732,1
3008585532,3006337440,1
3008585532,3008506867,1
1000492333,3009273413,1
3008846597,3009139723,1
3004971302,3008817713,5
3010563286,3004645011,1
3010737246,3009205735,1
2523257,3009297906,1
3006076314,3009271211,1
3010598266,3009257637,1
3006948403,3009297965,1
3010820545,3004957221,2
3010820545,1527993,1
1217243,3008164301,1
3007021905,3014345240,1
3010823543,1420298,1
3002468086,3004543111,1
3010825955,3009271676,1
3010482178,3004069742,2
3006228598,3009146214,1
3010718653,3018521591,1
3010739242,1077496,1
3006499837,3007410731,2
1000125216,3007005266,1
1000125216,3012459122,1
3003002370,3003973527,1
3003002370,3005374867,1
3003002370,3002857110,2
3010796560,3008236456,1
1000514596,3008750913,1
3009866948,3000210980,1
3009590582,3004516818,1
1519257,1472940,1
3010711931,1000189046,1
1527137,3008950094,1
3010769073,3006082102,1
3008446871,1044231,1
3010839113,3002174993,1
3005781562,3009219403,1
3003802404,3003846669,1
3007349130,1000568184,1
3010751543,3001451489,2
3010751543,3007109258,1
3002992930,3008307275,1
3008613324,2130996,1
3024341,3007400923,2
3004061967,3019056,1
3011055149,3009097818,1
3004443273,3009185589,1
3006769712,3009204568,1
3008981770,1000513635,1
3004640070,3004127495,1
3005210225,3003600362,3
3003353853,1383847,1
3007271263,1823570,1
3007343484,3005732943,1
3009192024,3002600322,1
3010635938,3008842862,1
3006691656,3008058540,2
3010149843,2627208,1
1000305948,3003986222,1
3010728609,3001362772,1
3003447972,3006403682,1
1000119976,3007707409,1
3010738011,3009047848,1
3010738128,3008517755,1
3000287096,3003887583,1
3008402250,3009132835,1
3003887109,3009054762,1
3008231170,3002457563,1
3010349464,1000142677,1
1384453,3010165198,2
3003677831,2120711,1
3010510395,3001677091,1
1316590,3007029318,1
3002808537,3003220485,2
3006143547,3007568124,1
3010712394,3003966610,1
3007018091,3012501275,1
1626491,1000124568,2
3000205967,3009080885,1
3004835647,3008813145,1
3008213711,3008989146,1
3010506849,3009073293,1
3009399806,3007351181,1
3002468086,3008996355,1
3008545334,1021343,3
3004006654,3000280957,1
3010683157,3008920501,1
3005566735,2619635,1
3003619709,3008814202,1
3010349457,3008967717,1
3009501339,3008855333,1
3002806711,3001238012,1
3003965615,3003350319,2
3010667114,1527704,1
3006499837,3003184440,1
3010533926,3002807481,1
3002807173,3008529101,1
3008534548,3008808891,1
1000597585,3003562118,1
1000391015,3008771484,1
3005202703,3008814204,1
3005287250,3004896339,1
3002775853,3002807252,1
3001451326,2939524,1
2011163,3008977823,1
3002821216,3003005746,1
3010392517,1832751,2
3005625732,2024256,2
3006412304,3000210731,1
1282965,2434554,1
3007174596,3002807447,1
3008213711,3005094136,1
3010223386,3003041943,1
3010581040,3003131678,1
3004161432,2000047449,1
3003696942,3008891569,1
3010666567,1038631,4
3010402064,3008682876,1
3003434972,3004932373,1
3004723334,3003013684,2
3001174929,3008937007,1
3004544153,3002937804,1
1000120311,3008756252,1
3007803313,3007749948,1
3008823545,2518579,1
1000118926,1000307651,1
3008723337,3006467894,1
1950222,3008937230,1
3011158388,3001451636,1
3011158388,3008790366,1
1950222,3007196368,1
3004407863,3003362602,1
3006481857,1000222152,1
3010657600,3008922069,1
3009685660,3006523380,1
1019820,3008623180,1
1038197,3001558627,1
3003732116,3005615655,1
3010338088,1717759,2
3004918322,3005140091,1
2618677,3008472488,2
3004820464,3008773541,1
1927976,1618058,2
1000597585,1000159938,1
1000161249,1628454,2
3010633613,2939761,2
3005466325,3003309258,1
3004461391,3005400337,3
3006643956,1000160433,1
3002807260,3008775873,1
3005656140,3008241954,1
3010391925,3006374163,1
1019003,3005307300,1
1019003,3008306009,1
3007581821,3007136419,1
3009718934,3008740112,1
3008932049,3008756381,1
3010370861,2026023,1
3001236851,3008802054,1
3007204218,3008802023,1
3006996287,1000305795,1
1000220240,1017687,1
2246686,2023939,1
1000113612,3004738265,2
3010492449,3008802035,1
3007200605,3008829548,2
1000028052,3008734815,1
3010580365,2128643,4
3009509818,1000220805,1
1000138425,3007576909,1
3010260678,3007067247,1
3010533670,1643741,1
3006174137,3004962704,1
3010285019,3004541289,1
3010285019,3007199862,2
3014669549,2246448,1
3004459274,3008832322,1
3010538416,3008697517,1
3008386908,2410375,1
3004985718,3008718408,1
3008919948,3005869342,1
3007084136,3007561680,1
3004206973,2130687,2
3010247538,1000135824,1
3005021979,3006970766,1
3004490277,3000210927,1
3004490277,3008800816,1
3005306722,3003808848,1
3005306722,3006759075,1
3010093195,2000043855,1
3009509475,3007334016,1
3004951642,3003346160,1
3006624348,3008513435,1
3005409363,3008231206,2
3008071495,3004486512,2
3008448600,3005201285,1
3010349469,3006989604,1
3003302735,3006172673,1
1650293,3008645464,1
3010450840,3006706499,2
3010346131,3003573807,1
3003434972,3003851100,1
3004483441,3008676076,1
3010302732,3006458969,1
3004133725,1070630,1
3006257565,1384276,3
3007322782,2243471,1
3010273514,3008289940,1
3010332063,3003082450,1
3008773783,3002806503,2
3003744377,3007385354,2
3003744377,3005559915,1
3010433194,3002357167,2
1000170338,3008483347,1
3004896392,3003832239,1
3004117396,3003882781,1
1000237659,3008266569,1
3003909192,3001434369,1
1950222,3008615974,1
1950222,3008645468,1
3010267279,1640689,1
3004034796,1000080714,1
3003671775,3002478693,1
3010489800,1000356735,1
3005256547,3008480759,1
3010239945,3004021263,1
1000119936,3008471840,1
3010224777,3008655219,1
3008316000,3004096632,1
3004987365,3005816129,1
3006503102,3003205477,2
3008990081,3008550059,1
3009815000,3008677674,1
3002161292,2510184,2
3010362932,3004615724,1
3006388896,3002592648,2
3006365166,1619734,2
1035703,1518939,1
3010364251,3005372272,1
3004586701,3006370451,1
3010306581,3008523284,1
2022474,3008604546,1
2022474,3002808297,1
3004668624,1000117322,1
3003360907,3008548557,1
3005124189,3007925588,1
1824979,2650141,2
3010283065,3007710619,2
3010074154,2243796,1
3010024957,3003585759,3
3010086972,1000414342,1
3003633738,3008591099,1
3003546340,2010939,2
1824975,3008548567,1
3003407422,3004058334,1
3009864179,3008431126,1
3010366766,3008583301,2
3009510975,3004680543,1
3010102941,3003243737,3
1051558,3008329736,1
3010007624,1049760,1
3010185641,3003299802,2
3003809882,3008468946,1
3003348498,2650090,2
3007351309,1000307183,1
1020139,3004983426,1
3010253531,2573016,1
3010336557,3004021229,1
3010336557,1526470,1
3010336557,3007315690,2
3010292268,3008418608,1
3005720500,1000124777,1
3009992148,1774501,1
3006733171,3007575901,1
3010132195,3005202697,1
3010297730,3003195501,1
3002935417,3008286826,1
3004753417,3008443901,1
3002808503,1770154,1
3006733171,3008429674,1
3004540156,3006616549,1
3010210468,1000115753,2
3009865009,3008494993,1
3007503037,3003701857,3
3006228598,3008353013,1
3006228598,3007119522,1
3004897377,3007405404,1
3010230530,3007939624,2
3005216662,3008420267,1
3010285019,3007289354,2
3010285019,3008175582,2
3009641885,3008082500,1
3009641885,1811212,2
3009707504,3008282269,1
3000278206,3001237145,1
3010260624,3001600976,2
3010132216,1000124280,2
3002937541,1000418126,1
3010227043,3008262421,1
3000204465,3008245855,1
3000960747,3000719767,1
3004294797,1625685,1
3003239568,3003809591,2
3010009409,3008140307,1
2434807,3002895387,3
3009964463,3004818955,2
1970355,3003691790,1
3007648351,2011222,1
3010182935,3004086324,1
3010091389,1873031,1
3010182931,3008347934,1
3010142053,1022618,1
3009429180,3002670491,1
3004512666,3003706321,1
3010138123,3006035225,1
3003825704,3008222353,1
3010223213,1000150647,1
3010223213,3006668514,1
3005893178,3006405455,1
3006733171,3008298298,1
3010112437,3003888154,1
3010099772,3002808073,1
3003360719,3008365214,1
3002429172,3008286382,1
1000307800,3008238137,1
3008802810,2246504,2
3003939253,3006039994,4
3004733149,1273014,1
3010199183,1000160563,1
3003255171,1052130,1
3003255171,1000513517,1
2026940,3008211589,1
3008746159,3008342877,1
3008746159,3002722286,1
2250102,3008072460,1
3001237113,1000429223,1
3010225496,3007525376,1
3009842420,1717927,1
3010193259,3008127817,1
3010157687,3000210500,1
3007166802,3007242214,1
3006743992,2222017,1
3010143781,3007094184,1
3011304354,1000627334,1
3009925866,2427358,1
3010027107,3013472760,1
1000221847,3072905,2
2020808,1873033,1
3004315824,3001237468,1
3010145623,3008299032,1
3010116308,3002807518,1
1000160050,1384366,1
3010148993,1000526329,2
3009311943,1000105891,1
3010098552,3003499272,2
3006754688,1000208724,1
3006754688,1527691,1
3004951672,3004967605,1
3004148857,2246961,1
3010477,3003121131,1
3008240772,3017140477,2
3010091388,3002951540,1
3004114003,1000160324,1
3010071058,1000307298,1
3010101049,3008033084,1
1419498,3002556938,1
3007197995,3007043550,1
3004218327,3008193294,1
1950222,3007787705,3
1384511,3003633783,1
1621802,3008004394,1
1621802,3006389494,1
2627511,3004984850,1
3010131060,3008091037,1
3009073476,3004983128,1
2618677,3008012290,1
3004536451,3007042219,1
3008164370,3001239243,1
3010083157,3007623728,1
3010089853,3000572534,1
3010087152,3007453419,1
3010087152,3007721370,1
1911196,3003571292,1
1911196,3009428989,1
3000203232,1048698,2
3010027098,3007742281,1
3005236450,2918710,1
3004418115,3008135758,1
3010098837,3006456733,1
3003297374,3006899072,2
3002994577,2082946,1
3009959924,1000119942,1
3002902471,3005740503,1
3008250236,3003942387,1
3010078541,3007751728,1
2431825,3008058398,1
3006489293,3007623714,1
3010084286,3008134264,1
3004317386,3004015400,1
1519257,2918399,1
1822861,3007934405,1
3010026564,1000513636,1
3009805427,1018460,1
3002128313,3006138169,1
1000138964,3007931159,1
3010078549,1876582,1
3010078549,3008087416,1
3001298034,3007390761,1
3009815000,3002846927,1
3009815000,1811666,1
3007045542,3006498045,1
3005289335,3005047084,1
3004668624,3008094755,1
3004668624,3006850243,1
3007527278,2520333,1
3007181436,3000206432,1
3007181436,3007753339,1
3009724085,3006316363,1
3009724085,3007926870,1
3006677294,3007914218,1
3009956902,3007553873,1
3003914943,3005479678,1
3006306504,1000307689,1
3006306504,1383269,1
3003254930,2433247,2
3003254930,3008013154,1
1000117234,1930436,3
1000117234,3003950235,2
1000117234,3002718448,1
3006996287,3006745882,1
3003426453,3004582647,1
3005553411,1082343,1
3003569504,3002549317,1
3008335877,3007931397,1
3003732635,1000305672,3
3001329340,3007670366,1
3004474370,3003926629,1
1000221951,3006412756,2
3003233369,1000150055,1
3006359068,2015747,1
1950222,3000203673,1
3003973137,3004097878,1
3009991059,3005197518,1
3004969894,3007841199,1
3004969894,3002671672,1
3004497213,3000215119,1
3004497213,1971534,1
3004497213,3007869649,1
3004497213,3007748931,1
3004182921,3004456620,2
3004182921,3007554836,1
1940172,3007829758,2
2242985,3007748918,1
3008724211,3007755021,1
3004839646,3007687466,1
3000717703,3006729542,1
3008575486,3005249386,1
3006345305,3007688516,1
3004813928,3007701608,1
3009393856,3007786353,1
3000215680,3006536584,1
3009869658,3007427914,1
3004153061,3004674350,2
3002596670,1173808,1
1050280,2939523,1
3071347,1000151230,1
3007788165,2311409,1
1911445,3002806390,2
1911445,3007828150,1
3001452902,3003868371,1
3009803267,3000207178,1
3001779702,3004000057,1
3001779702,3005105463,2
1000220451,3007739733,1
3002864855,3001236657,1
3009988995,2416101,2
3009885851,3005342355,1
3009832433,1383571,1
3005602667,3003984125,1
3005683398,3004525072,1
3009984688,3007453404,1
3003269328,3003657863,1
3002808411,3005333852,1
3004385661,3006660727,1
3009473602,3004342551,1
3004393005,3003498827,1
3008773783,3004813394,1
3009946163,3005619530,1
3003519498,3003165031,1
3009861491,1270493,1
3009925820,3001572933,1
3009695858,2018612,1
1000125216,3003104863,1
1000523068,3002468250,1
2000044401,1000135412,1
3001833549,3003942486,1
3009794745,3006789341,1
3008065565,1640745,1
3033007964,3002702031,1
3033007964,1931750,1
3033007964,3005692792,1
3033007964,3007615448,1
3033007964,3007588643,1
3033007964,3004709970,1
3006748698,3005750915,1
3006729016,3007274928,1
3006306504,2210277,1
3009703303,3007563331,1
3009924992,3002807496,1
3002807972,3016448,1
3006145876,1000519407,1
1000117200,3002808164,1
3009855773,1483596,1
3009803643,3003710519,1
3000210902,3007261430,1
3002807979,1211022,1
3000207101,3006468609,1
3003806005,3007502863,1
3003806005,1930459,1
3008855139,3007481380,1
1000149665,3000203759,1
3009712793,3007488671,1
3009633546,2311278,1
3009695624,3007416818,1
3009689842,3007503212,1
3006643484,3000203469,1
3001236616,3002715502,1
3005289365,3004154685,2
3009847113,1000125602,1
2939651,2111173,1
2024830,3007380184,1
3007091297,3007503229,1
3008314161,3007026789,1
3009832610,1911840,1
3003511617,1000136032,1
3003511617,3004412646,1
3005684792,3004407329,1
3003565597,1283402,1
3009839038,1417572,1
3009860638,2318360,1
1025114,1000118231,1
1025114,3003569629,2
3007150293,1931140,1
3005962855,3003363010,1
1020294,3007392307,1
3009793893,3004541008,1
3002806556,3006497240,1
3004370528,3002808125,1
3005881167,3003112734,1
3005711227,3007276126,1
3009688205,3003386299,1
3009688205,1672571,2
3009633252,3003723076,1
3008324680,3007384323,1
3009751999,3007113962,1
3007204218,3007212949,1
3006418686,3003748734,1
3006368299,3007477755,1
1819171,3007468394,1
3002806504,3007152688,1
3008707363,3002808084,1
3008606075,3007190408,1
3009766280,3007410953,1
3006997964,3007408981,1
3001617666,3005866544,1
3003420009,1000513191,1
3009693592,3001050819,2
3002829723,3003616032,1
3009533106,3011423,1
3009811874,1019058,2
3009765836,3007187542,1
3003031339,3007293049,1
3006258214,2510592,1
3000213107,3003631744,1
3009758054,3007353014,1
3001451326,3007144689,1
3005341755,1937079,1
1713202,3003266206,1
3006415943,3007259359,1
3009654088,1940015,1
3008386908,1922566,1
3009727460,3002946714,1
1383750,3004839832,1
3006636678,1922352,1
1039075,1922351,1
3008365340,3003564914,1
1527137,3005889192,1
3009763861,3007220373,1
1000115351,2016096,1
3006375488,3007154449,1
1000129212,3007154452,1
3009206858,3007213530,1
2311630,1000187706,1
3003302735,1000188010,1
3004348077,3007094463,1
3003468167,1000187752,1
3008534253,3008436464,1
3009580340,3004865102,1
3004550488,3006895770,1
3007733993,3002808376,1
1000125216,3007143551,1
1000125216,3006788636,1
3002729075,3003947239,1
3003604776,3006394049,1
1000135772,1876508,1
3009696154,3005706492,1
3009503226,2431898,3
3003411215,3003334133,1
3003972366,3007126649,1
3009613944,1210747,1
2938817,1927975,1
1383116,3007166108,1
3009178119,1000307314,1
3004096641,3006997281,1
3009018121,3006997293,1
1020139,2650031,2
2250102,3007216464,1
3007942316,3005167871,1
1000221798,3006736312,1
3002906944,1940410,1
1000120110,3023294,1
2072994,3007214442,1
3005919692,3004918001,1
1000221876,3004105524,1
3009441870,1000208638,1
3006400046,2431379,1
3005283176,3007238162,1
1473043,2130612,1
3004611200,3003580203,1
1036365,3006742514,1
3006710515,3007079042,1
3006607168,3004021309,1
3004699389,3007141557,1
1000307762,3004506682,1
3003909192,0,
1000116464,,
3009091521,,
3008589361,,
3004024051,,
1000307800,,
3006991069,,
3009200794,,
1942042,,
3003572792,,
3002806766,,
3007503037,,
3009536745,,
3002719998,,
1000307223,,
1282632,,
1000100927,,
3001451590,,
1621802,,
1621802,,
2022474,,
2022474,,
2022474,,
1019003,,
3003909192,,
3020044,,
3002931695,,
3005552218,,
3007177643,,
1626923,,
1000160579,,
3009242726,,
3009550382,,
1770153,,
3006553457,,
3002807877,,
1416923,,
1416923,,
3004524829,,
3002535019,,
1220537,,
2650176,,
3008539577,,
3009019692,,
3008191630,,
3000204446,,
1832693,,
1000124057,,
2938184,,
3004328516,,
3001452658,,
3002985640,,
3009460637,,
3007323793,,
3009460645,,
1771443,,
3008808745,,
3009547089,,
1111898,,
3006228598,,
3006228598,,
3004341688,,
3007279316,,
3009528593,,
3004474381,,
3006377796,,
3003721123,,
3006577714,,
3009339896,,
3004173402,,
3009486627,,
3009425483,,
3004186759,,
3002740213,,
3009499974,,
3004054758,,
3003008014,,
3002888623,,
3008276856,,
3009338759,,
1828287,,
3008274428,,
3003632684,,
1000520775,,
3008965719,,
1721400,,
3003194366,,
1036365,,
3005350897,,
3005350897,,
3005350897,,
3005350897,,
3005350897,,
3009417634,,
3006618094,,
3006996287,,
3001623073,,
2518563,,
3007343484,,
3000151819,,
3003492947,,
1000150790,,
1611206,,
1611206,,
1611206,,
1000113338,,
3004596345,,
3004677002,,
3009301218,,
3004574521,,
3004574521,,
1000514349,,
1383322,,
1000117969,,
1000117969,,
3007738871,,
3009382986,,
3009442128,,
2242829,,
3008254880,,
3003779775,,
3007786836,,
3007084136,,
1616530,,
3001701602,,
3005241330,,
3004133725,,
3000205588,,
1641527,,
3007751703,,
3005676766,,
3009205875,,
3008857908,,
3003407422,,
3002729102,,
3002757783,,
3009194999,,
3005205313,,
1000112409,,
1000112409,,
3005013963,,
3005256547,,
3006323887,,
3005480647,,
1177788,,
3001087462,,
3003271254,,
3005587188,,
3009271077,,
3001236274,,
3009245075,,
3009346596,,
3009255610,,
3003229412,,
3003229412,,
3003492947,,
1000086892,,
3009309732,,
3006337440,,
3000204465,,
3008506867,,
3009273413,,
3009139723,,
3007709579,,
3008817713,,
3008817713,,
3008817713,,
3004645011,,
1911445,,
1911445,,
3009205735,,
3009297906,,
3009271211,,
3009257637,,
3009297965,,
3004957221,,
3004957221,,
1527993,,
3008164301,,
3014345240,,
1420298,,
3004543111,,
3009271676,,
3004069742,,
3004069742,,
3009146214,,
3004370528,,
3018521591,,
1077496,,
3007410731,,
3007410731,,
3011304354,,
3007005266,,
3012459122,,
3009842420,,
3003632684,,
3003973527,,
3007751703,,
3005374867,,
3002857110,,
3008236456,,
3033007964,,
3033007964,,
3033007964,,
3008750913,,
3000210980,,
1519257,,
1519257,,
3004516818,,
1472940,,
3002729102,,
3003407422,,
3003407422,,
1000189046,,
3008950094,,
3006577714,,
3003380618,,
3006082102,,
1044231,,
3002174993,,
3009219403,,
3003846669,,
1000568184,,
3001451489,,
3007109258,,
3008307275,,
2130996,,
1713202,,
3007400923,,
3019056,,
3009097818,,
3009185589,,
3009204568,,
1000513635,,
3004127495,,
3003600362,,
1383847,,
3004504829,,
1823570,,
3005732943,,
3002600322,,
3008842862,,
3007166802,,
3008058540,,
3008058540,,
2627208,,
3003986222,,
3001362772,,
3003821988,,
3006403682,,
3007707409,,
3009047848,,
3008517755,,
3003887583,,
3009132835,,
3009054762,,
3002457563,,
1000142677,,
3010165198,,
3010165198,,
2120711,,
3001677091,,
3007029318,,
1642813,,
3003220485,,
1721400,,
3007568124,,
3003966610,,
3012501275,,
3002775853,,
3006359068,,
1000132299,,
1000124568,,
3009080885,,
3008813145,,
3004948283,,
3008989146,,
3009073293,,
3007351181,,
3008996355,,
1000126533,,
1021343,,
3000280957,,
3008920501,,
3004315824,,
3004315824,,
2619635,,
3008814202,,
3008967717,,
3008855333,,
3001238012,,
3003350319,,
3003350319,,
1527704,,
3003184440,,
3002807481,,
3008529101,,
3008808891,,
3003747592,,
3003562118,,
3008771484,,
1000307800,,
3001833549,,
3008814204,,
3004896339,,
3002807252,,
3000215680,,
2250102,,
2250102,,
2939524,,
3008977823,,
3003005746,,
1832751,,
2024256,,
3000210731,,
2434554,,
3011158388,,
3011158388,,
3002857110,,
1021343,,
3002807447,,
3005094136,,
3003041943,,
3003131678,,
2000047449,,
3008891569,,
1038631,,
1038631,,
3008682876,,
3004932373,,
1217243,,
1025483,,
1000115351,,
3003013684,,
3008937007,,
3002937804,,
3008756252,,
3007749948,,
2518579,,
3007343484,,
3004474370,,
1519257,,
1519257,,
1000307651,,
3006467894,,
3008937230,,
3001451636,,
3008790366,,
3007196368,,
1000069719,,
3003362602,,
1000222152,,
3008922069,,
3006523380,,
3008623180,,
3001558627,,
3006577714,,
3003380618,,
1713202,,
3005615655,,
3001701602,,
1717759,,
1717759,,
3005140091,,
3008472488,,
3008773541,,
3008857908,,
1618058,,
1618058,,
3008817713,,
3008817713,,
1000159938,,
1628454,,
1628454,,
2939761,,
3007400923,,
1416923,,
1416923,,
3003309258,,
3005400337,,
3005400337,,
3005400337,,
1000160433,,
3008775873,,
3008241954,,
3006374163,,
3005307300,,
2126821,,
3008306009,,
1942042,,
3007136419,,
3008740112,,
1413475,,
3008756381,,
2026023,,
3005239785,,
3008802054,,
3008802023,,
1000305795,,
1017687,,
2023939,,
3004738265,,
3008802035,,
3008829548,,
3008829548,,
3008734815,,
2128643,,
1000220805,,
1931484,,
1931484,,
1931484,,
1931484,,
3007576909,,
3007067247,,
1643741,,
3004962704,,
3004541289,,
3007199862,,
2246448,,
1000166776,,
3008832322,,
3008697517,,
2410375,,
1950348,,
1950348,,
3008718408,,
3005869342,,
3003632684,,
3007561680,,
2130687,,
2130687,,
1000135824,,
3006970766,,
3000210927,,
3008800816,,
3002535019,,
3003808848,,
2650176,,
3007751703,,
3006759075,,
2000043855,,
3007334016,,
1111898,,
3003346160,,
3008513435,,
3008231206,,
3008231206,,
3004486512,,
3004486512,,
3005201285,,
3006989604,,
3006172673,,
3008645464,,
3006706499,,
3003573807,,
3002984011,,
3003851100,,
3008676076,,
3006458969,,
1070630,,
1384276,,
3000215611,,
2243471,,
3008289940,,
3004182921,,
3003082450,,
3002806503,,
3007385354,,
3005559915,,
3002357167,,
3008483347,,
3003832239,,
3003882781,,
3008266569,,
3001434369,,
2128643,,
3008615974,,
3008645468,,
1640689,,
1000080714,,
3002478693,,
3002357167,,
1000356735,,
3008480759,,
3004021263,,
3008471840,,
3008655219,,
3004096632,,
3005816129,,
3003205477,,
3008550059,,
3008677674,,
2510184,,
3004615724,,
3002592648,,
3002592648,,
1384276,,
1619734,,
2938184,,
1518939,,
3005350897,,
3005350897,,
3005350897,,
3008472488,,
3000204079,,
3005372272,,
3006370451,,
3008523284,,
1527137,,
3008604546,,
3002808297,,
3003483729,,
3003483729,,
3000204465,,
1000117322,,
3008548557,,
3007925588,,
2650141,,
3007710619,,
3003813327,,
2243796,,
3003585759,,
3003585759,,
3003585759,,
1000414342,,
3008606075,,
3008591099,,
2010939,,
2010939,,
3008548567,,
3004058334,,
3006028555,,
3008431126,,
3008583301,,
3008583301,,
1000124568,,
3004680543,,
3003243737,,
3008329736,,
1049760,,
3003220485,,
3003299802,,
3008468946,,
2650090,,
2650090,,
1000307183,,
3004983426,,
3012681020,,
2573016,,
2072994,,
3004021229,,
1526470,,
3007315690,,
1000120311,,
3008418608,,
1000124777,,
1774501,,
3004034796,,
3007575901,,
3005202697,,
3003195501,,
3008286826,,
3008443901,,
1036365,,
1770154,,
3008429674,,
3006616549,,
1000115753,,
1000115753,,
3008494993,,
3003701857,,
2618677,,
3008353013,,
3004218330,,
3007119522,,
3007405404,,
3007939624,,
3008420267,,
3007289354,,
3008175582,,
3008082500,,
1811212,,
3008282269,,
3001237145,,
3001600976,,
1000124280,,
1000418126,,
3008262421,,
3008245855,,
3001451489,,
1000125216,,
1000125216,,
3000719767,,
1625685,,
3003809591,,
3008140307,,
3002895387,,
2024256,,
3003369660,,
3004818955,,
3004818955,,
3003691790,,
2011222,,
3004086324,,
1873031,,
3002808534,,
3008347934,,
1022618,,
3002670491,,
3003706321,,
3006035225,,
3008222353,,
3001600976,,
3001087462,,
1000150647,,
3006668514,,
3006405455,,
3000215680,,
3008298298,,
3003888154,,
3002808073,,
3003013684,,
3002807424,,
3008365214,,
1721400,,
3008286382,,
3008238137,,
2246504,,
3006039994,,
3006039994,,
3004610460,,
1273014,,
1000160563,,
1052130,,
1000513517,,
3008211589,,
3008342877,,
3002722286,,
1025483,,
3004474370,,
3008072460,,
1832751,,
1000429223,,
1626310,,
3003632684,,
3007525376,,
1717927,,
3008127817,,
3002808537,,
3000210500,,
2128643,,
3007242214,,
2222017,,
3007094184,,
1000627334,,
1000124280,,
2510184,,
2427358,,
3013472760,,
3072905,,
3004574521,,
1873033,,
3001237468,,
3008299032,,
3002807518,,
1384366,,
3072905,,
1000526329,,
1000526329,,
1000105891,,
3003499272,,
3003499272,,
1000208724,,
1527691,,
3004967605,,
2246961,,
3003243737,,
3003121131,,
3017140477,,
3017140477,,
3002951540,,
3003600362,,
3003600362,,
2650089,,
1000160324,,
1000307298,,
3008033084,,
3002556938,,
3007043550,,
3008193294,,
3001087462,,
3007787705,,
3003633783,,
3008004394,,
3006389494,,
3004984850,,
3008091037,,
3007751703,,
3004983128,,
3008012290,,
3007042219,,
3001239243,,
3007623728,,
3000572534,,
3007453419,,
3007721370,,
3003571292,,
3004421212,,
3009428989,,
3008175582,,
1048698,,
1048698,,
3006499837,,
3007742281,,
1036365,,
2918710,,
3008135758,,
3006456733,,
3003299802,,
3006899072,,
3006899072,,
2082946,,
1000119942,,
1771443,,
3005740503,,
3003942387,,
3007751728,,
3007150293,,
3008058398,,
3007623714,,
3008134264,,
3003380618,,
3004015400,,
2918399,,
3007934405,,
1000513636,,
1018460,,
3006138169,,
3007931159,,
3001518810,,
3002535019,,
3007939624,,
1876582,,
1021343,,
3008087416,,
3007390761,,
3004474370,,
3002846927,,
1811666,,
3006498045,,
3002895387,,
3005047084,,
3008094755,,
3006850243,,
2650141,,
2520333,,
3000206432,,
2023614,,
3007753339,,
3003809591,,
2026940,,
3002895387,,
3006316363,,
3007926870,,
3007914218,,
3007553873,,
3005479678,,
3002902471,,
1000307689,,
1383269,,
3006228598,,
3006228598,,
2433247,,
2433247,,
3008013154,,
1930436,,
1930436,,
3003950235,,
3002718448,,
3006745882,,
3004582647,,
1082343,,
3002549317,,
3007931397,,
1000305672,,
3007670366,,
3003926629,,
3006412756,,
3006412756,,
1000150055,,
2015747,,
3000203673,,
3004097878,,
3005197518,,
3007841199,,
3002671672,,
3000215119,,
3021059,,
1971534,,
3001432470,,
3001432470,,
3007869649,,
3004733149,,
3007748931,,
3005085928,,
1384276,,
3000215680,,
1000120311,,
3004456620,,
3002806503,,
3007554836,,
3007829758,,
3007829758,,
3007748918,,
3007787705,,
3007787705,,
3007755021,,
3002908878,,
3007687466,,
3006729542,,
3006577714,,
3007045542,,
3003205477,,
3005249386,,
3007688516,,
3007701608,,
3007786353,,
3006536584,,
2246504,,
3007427914,,
3004674350,,
3004674350,,
1173808,,
3003380618,,
2939523,,
3007710619,,
1000135880,,
1000151230,,
2311409,,
3002806390,,
3002806390,,
3007828150,,
3003091092,,
3003868371,,
3000207178,,
3004000057,,
3004153061,,
3005105463,,
3005105463,,
3002906944,,
3007739733,,
3001236657,,
3004738265,,
3006706499,,
2416101,,
2416101,,
3005342355,,
1383571,,
3003984125,,
3007199862,,
3004474370,,
3004525072,,
3003701857,,
3003701857,,
3007453404,,
3003657863,,
3005333852,,
3006660727,,
2027158,,
3004342551,,
3006717635,,
3003498827,,
1811212,,
3004813394,,
3005619530,,
3003165031,,
1270493,,
3001572933,,
2018612,,
3003104863,,
3002468250,,
1000135412,,
3003942486,,
3006789341,,
1640745,,
3002702031,,
1931750,,
3005692792,,
3007615448,,
3007588643,,
2939761,,
1000069719,,
3006228598,,
3004709970,,
1619734,,
3005750915,,
3007274928,,
2210277,,
3007563331,,
3002807496,,
1940465,,
1629694,,
3016448,,
1000519407,,
3002808164,,
1483596,,
3003710519,,
3007261430,,
1211022,,
3006468609,,
3004456620,,
3007502863,,
1930459,,
3007481380,,
1000305672,,
3000203759,,
3007488671,,
2311278,,
3007416818,,
3006228598,,
3006228598,,
3007503212,,
3000203469,,
3002715502,,
3004154685,,
3004154685,,
1000221951,,
1000125602,,
3011304354,,
2111173,,
3007380184,,
3007503229,,
3007026789,,
3007315397,,
1911840,,
3007385354,,
1000136032,,
3004412646,,
3004407329,,
1283402,,
1417572,,
2318360,,
1000118231,,
3003569629,,
3004153061,,
1931140,,
3003569629,,
3003363010,,
3006489197,,
3006489197,,
3006489197,,
3006489197,,
3006039994,,
3006039994,,
3005013963,,
3005013963,,
3007392307,,
1000221951,,
3004541008,,
3006497240,,
3002808125,,
3003112734,,
3007276126,,
3003386299,,
1672571,,
3003723076,,
3007384323,,
3007113962,,
3007212949,,
3003748734,,
3007477755,,
3007468394,,
1000120311,,
3007152688,,
3002808084,,
3006145876,,
3007190408,,
3007410953,,
3007408981,,
3005866544,,
1000513191,,
3000204447,,
3001050819,,
3001050819,,
3007289354,,
3003616032,,
3011423,,
1019058,,
1019058,,
3007315690,,
3007187542,,
3007293049,,
2510592,,
3001298034,,
1000222037,,
3003631744,,
3007353014,,
2128643,,
3007144689,,
3006228598,,
3003407422,,
3002729102,,
1937079,,
3003266206,,
3007259359,,
1940015,,
1922566,,
3002946714,,
3004839832,,
1922352,,
2627511,,
1922351,,
3003564914,,
3005889192,,
3007220373,,
2016096,,
3007154449,,
3007154452,,
3007213530,,
1000187706,,
1000188010,,
3003243737,,
3007094463,,
1000187752,,
3008436464,,
1038631,,
1038631,,
3004865102,,
3006895770,,
3002808376,,
1000120311,,
3007143551,,
3006788636,,
1000306857,,
3003947239,,
3006394049,,
2072994,,
1000220451,,
1876508,,
1672571,,
3005706492,,
2431898,,
2431898,,
2431898,,
3003334133,,
3007126649,,
1210747,,
3003950235,,
1927975,,
3007166108,,
1000307314,,
3006997281,,
3006997293,,
1527137,,
2130055,,
1930436,,
2650031,,
3002807511,,
3007216464,,
3005167871,,
3006736312,,
3004132818,,
1940410,,
3023294,,
3007214442,,
3004918001,,
3004105524,,
1000208638,,
2431379,,
3007238162,,
2130612,,
3003580203,,
1000305672,,
3006742514,,
3007079042,,
3004021309,,
3007141557,,
3004506682,,
2650031,,